match_id,innings,over,striker_id,propensity,phase,striker_batting_position
M0001,1,0,Batter_020,0.715521198050259,powerplay,3
M0001,1,1,Batter_020,0.850406939333815,powerplay,3
M0001,1,1,Batter_013,0.862784583843181,powerplay,4
M0001,1,1,Batter_013,0.862784583843181,powerplay,4
M0001,1,1,Batter_020,0.716665154866124,powerplay,3
M0001,1,1,Batter_013,0.862784583843181,powerplay,4
M0001,1,1,Batter_013,0.695068285888641,powerplay,4
M0001,1,2,Batter_013,0.874519912586537,powerplay,4
M0001,1,2,Batter_013,0.874519912586537,powerplay,4
M0001,1,2,Batter_013,0.701503522863669,powerplay,4
M0001,1,2,Batter_013,0.701503522863669,powerplay,4
M0001,1,2,Batter_013,0.701503522863669,powerplay,4
M0001,1,2,Batter_020,0.728506081430986,powerplay,3
M0001,1,3,Batter_020,0.531109718003228,powerplay,3
M0001,1,3,Batter_020,0.531109718003228,powerplay,3
M0001,1,3,Batter_020,0.877331236176066,powerplay,3
M0001,1,3,Batter_013,0.813304934386051,powerplay,4
M0001,1,3,Batter_020,0.531109718003228,powerplay,3
M0001,1,3,Batter_013,0.813304934386051,powerplay,4
M0001,1,4,Batter_020,0.542146466424916,powerplay,3
M0001,1,4,Batter_013,0.871315638451688,powerplay,4
M0001,1,4,Batter_013,0.819393976069969,powerplay,4
M0001,1,4,Batter_013,0.871315638451688,powerplay,4
M0001,1,4,Batter_020,0.542146466424916,powerplay,3
M0001,1,4,Batter_013,0.871315638451688,powerplay,4
M0001,1,5,Batter_013,0.878404676951223,powerplay,4
M0001,1,5,Batter_020,0.550834752613183,powerplay,3
M0001,1,5,Batter_013,0.878404676951223,powerplay,4
M0001,1,5,Batter_013,0.878404676951223,powerplay,4
M0001,1,5,Batter_013,0.878404676951223,powerplay,4
M0001,1,5,Batter_013,0.878404676951223,powerplay,4
M0001,1,6,Batter_020,0.900663143781289,middle,3
M0001,1,6,Batter_020,0.769419667988644,middle,3
M0001,1,6,Batter_013,0.886179309048582,middle,4
M0001,1,6,Batter_020,0.900663143781289,middle,3
M0001,1,6,Batter_020,0.769419667988644,middle,3
M0001,1,6,Batter_013,0.703162253531835,middle,4
M0001,1,7,Batter_020,0.885443340512978,middle,3
M0001,1,7,Batter_020,0.885443340512978,middle,3
M0001,1,7,Batter_020,0.885443340512978,middle,3
M0001,1,7,Batter_013,0.827824568170435,middle,4
M0001,1,7,Batter_013,0.62817111141725,middle,4
M0001,1,7,Batter_013,0.827824568170435,middle,4
M0001,1,8,Batter_020,0.615925322308315,middle,3
M0001,1,8,Batter_020,0.893386667879489,middle,3
M0001,1,8,Batter_013,0.821084958001036,middle,4
M0001,1,8,Batter_013,0.821084958001036,middle,4
M0001,1,8,Batter_013,0.819959265529005,middle,4
M0001,1,8,Batter_013,0.819959265529005,middle,4
M0001,1,9,Batter_013,0.713686786417014,middle,4
M0001,1,9,Batter_020,0.80425055946179,middle,3
M0001,1,9,Batter_020,0.80425055946179,middle,3
M0001,1,9,Batter_020,0.80425055946179,middle,3
M0001,1,9,Batter_013,0.713686786417014,middle,4
M0001,1,9,Batter_013,0.713686786417014,middle,4
M0001,1,10,Batter_020,0.903004176965503,middle,3
M0001,1,10,Batter_020,0.849845913509379,middle,3
M0001,1,10,Batter_020,0.849845913509379,middle,3
M0001,1,10,Batter_020,0.903004176965503,middle,3
M0001,1,10,Batter_020,0.849845913509379,middle,3
M0001,1,10,Batter_020,0.849845913509379,middle,3
M0001,1,11,Batter_020,0.906522152605134,middle,3
M0001,1,11,Batter_013,0.845694734749965,middle,4
M0001,1,11,Batter_013,0.845694734749965,middle,4
M0001,1,11,Batter_020,0.853637708546895,middle,3
M0001,1,11,Batter_020,0.906522152605134,middle,3
M0001,1,11,Batter_020,0.853637708546895,middle,3
M0001,1,12,Batter_013,0.898516978779362,middle,4
M0001,1,12,Batter_013,0.715460138992064,middle,4
M0001,1,12,Batter_013,0.715460138992064,middle,4
M0001,1,12,Batter_020,0.919299729626884,middle,3
M0001,1,12,Batter_020,0.8235674331864,middle,3
M0001,1,12,Batter_020,0.8235674331864,middle,3
M0001,1,13,Batter_013,0.89611226069753,middle,4
M0001,1,13,Batter_020,0.920006589965823,middle,3
M0001,1,13,Batter_013,0.89611226069753,middle,4
M0001,1,13,Batter_020,0.920006589965823,middle,3
M0001,1,13,Batter_013,0.713766027415713,middle,4
M0001,2,0,Batter_007,0.453808796472843,powerplay,1
M0001,2,0,Batter_040,0.488620761267022,powerplay,2
M0001,2,0,Batter_040,0.488620761267022,powerplay,2
M0001,2,0,Batter_040,0.412838294960879,powerplay,2
M0001,2,0,Batter_007,0.453808796472843,powerplay,1
M0001,2,0,Batter_007,0.280177242046594,powerplay,1
M0001,2,1,Batter_040,0.504175812836774,powerplay,2
M0001,2,1,Batter_040,0.504175812836774,powerplay,2
M0001,2,1,Batter_040,0.498380462777229,powerplay,2
M0001,2,1,Batter_040,0.504175812836774,powerplay,2
M0001,2,1,Batter_007,0.103674942084235,powerplay,1
M0001,2,1,Batter_040,0.498380462777229,powerplay,2
M0001,2,2,Batter_040,0.346056208752518,powerplay,2
M0001,2,2,Batter_040,0.346056208752518,powerplay,2
M0001,2,2,Batter_040,0.346056208752518,powerplay,2
M0001,2,2,Batter_007,0.295128044944021,powerplay,1
M0001,2,2,Batter_040,0.46271219880179,powerplay,2
M0001,2,2,Batter_040,0.46271219880179,powerplay,2
M0001,2,3,Batter_007,0.302460516101269,powerplay,1
M0001,2,3,Batter_007,0.302460516101269,powerplay,1
M0001,2,3,Batter_007,0.302460516101269,powerplay,1
M0001,2,3,Batter_007,0.302460516101269,powerplay,1
M0001,2,3,Batter_007,0.302460516101269,powerplay,1
M0001,2,3,Batter_040,0.446556126574401,powerplay,2
M0001,2,4,Batter_007,0.502838675788254,powerplay,1
M0001,2,4,Batter_007,0.384857713307646,powerplay,1
M0001,2,4,Batter_040,0.229487499181617,powerplay,2
M0001,2,4,Batter_040,0.229487499181617,powerplay,2
M0001,2,4,Batter_007,0.502838675788254,powerplay,1
M0001,2,4,Batter_040,0.406789305567761,powerplay,2
M0001,2,5,Batter_007,0.525290399529445,powerplay,1
M0001,2,5,Batter_007,0.390460758667012,powerplay,1
M0001,2,5,Batter_040,0.19486987495456,powerplay,2
M0001,2,5,Batter_040,0.19486987495456,powerplay,2
M0001,2,5,Batter_040,0.19486987495456,powerplay,2
M0001,2,5,Batter_040,0.389249815957957,powerplay,2
M0001,2,6,Batter_040,0.154796371594736,middle,2
M0001,2,6,Batter_040,0.154796371594736,middle,2
M0001,2,6,Batter_007,0.541273920347049,middle,1
M0001,2,6,Batter_007,0.302041587864636,middle,1
M0001,2,6,Batter_007,0.302041587864636,middle,1
M0001,2,6,Batter_007,0.541273920347049,middle,1
M0001,2,7,Batter_040,0.161701004764713,middle,2
M0001,2,7,Batter_040,0.161701004764713,middle,2
M0001,2,7,Batter_009,0.0395614672700605,middle,3
M0001,2,7,Batter_007,0.0830897003141813,middle,1
M0001,2,7,Batter_009,0.151539919784471,middle,3
M0001,2,7,Batter_009,0.0395614672700605,middle,3
M0001,2,8,Batter_007,0.398986626003972,middle,1
M0001,2,8,Batter_007,0.398986626003972,middle,1
M0001,2,8,Batter_007,0.313042753167369,middle,1
M0001,2,8,Batter_009,0.0128452429609743,middle,3
M0001,2,8,Batter_007,0.398986626003972,middle,1
M0001,2,8,Batter_007,0.313042753167369,middle,1
M0001,2,9,Batter_009,0.0583668057126169,middle,3
M0001,2,9,Batter_007,0.305687758392782,middle,1
M0001,2,9,Batter_007,0.305687758392782,middle,1
M0001,2,9,Batter_009,0.0132248148141248,middle,3
M0001,2,9,Batter_007,0.305687758392782,middle,1
M0002,1,0,Batter_010,0.000561488876504625,powerplay,3
M0002,1,0,Batter_010,0.000561488876504625,powerplay,3
M0002,1,0,Batter_016,0.40865542675032,powerplay,4
M0002,1,0,Batter_035,0.47664219843636,powerplay,2
M0002,1,1,Batter_016,0.417914428672549,powerplay,4
M0002,1,1,Batter_035,0.270094526274115,powerplay,2
M0002,1,1,Batter_016,0.586930788148652,powerplay,4
M0002,1,1,Batter_035,0.4912720222979,powerplay,2
M0002,1,1,Batter_016,0.417914428672549,powerplay,4
M0002,1,1,Batter_035,0.270094526274115,powerplay,2
M0002,1,2,Batter_016,0.59986577410917,powerplay,4
M0002,1,2,Batter_016,0.624967130854471,powerplay,4
M0002,1,2,Batter_016,0.59986577410917,powerplay,4
M0002,1,2,Batter_016,0.59986577410917,powerplay,4
M0002,1,2,Batter_016,0.624967130854471,powerplay,4
M0002,1,2,Batter_016,0.59986577410917,powerplay,4
M0002,1,3,Batter_035,0.298912314341651,powerplay,2
M0002,1,3,Batter_016,0.575992730260261,powerplay,4
M0002,1,3,Batter_016,0.430778157576382,powerplay,4
M0002,1,3,Batter_016,0.575992730260261,powerplay,4
M0002,1,3,Batter_035,0.298912314341651,powerplay,2
M0002,1,3,Batter_016,0.430778157576382,powerplay,4
M0002,1,4,Batter_035,2.0169096340451e-05,powerplay,2
M0002,1,4,Batter_035,2.0169096340451e-05,powerplay,2
M0002,2,0,Batter_046,0.489466840679833,powerplay,2
M0002,2,0,Batter_046,0.489466840679833,powerplay,2
M0002,2,0,Batter_046,0.489466840679833,powerplay,2
M0002,2,0,Batter_046,0.638094213886253,powerplay,2
M0002,2,1,Batter_046,0.801840635570421,powerplay,2
M0002,2,1,Batter_046,0.784441676791835,powerplay,2
M0002,2,1,Batter_027,0.199753494319,powerplay,3
M0002,2,1,Batter_027,0.425031983957367,powerplay,3
M0002,2,2,Batter_046,0.82086039221007,powerplay,2
M0002,2,2,Batter_027,0.111732559251417,powerplay,3
M0002,2,2,Batter_046,0.701676327528102,powerplay,2
M0002,2,2,Batter_046,0.82086039221007,powerplay,2
M0002,2,2,Batter_046,0.701676327528102,powerplay,2
M0002,2,2,Batter_046,0.82086039221007,powerplay,2
M0002,2,3,Batter_046,0.57238564656185,powerplay,2
M0002,2,3,Batter_046,0.644522833237526,powerplay,2
M0002,2,3,Batter_046,0.57238564656185,powerplay,2
M0002,2,3,Batter_046,0.57238564656185,powerplay,2
M0002,2,3,Batter_027,0.537423713132684,powerplay,3
M0002,2,3,Batter_027,0.537423713132684,powerplay,3
M0002,2,4,Batter_046,0.82096769037604,powerplay,2
M0002,2,4,Batter_046,0.807397489724946,powerplay,2
M0002,2,4,Batter_046,0.82096769037604,powerplay,2
M0002,2,4,Batter_012,0.474862222408426,powerplay,4
M0002,2,4,Batter_012,0.474862222408426,powerplay,4
M0002,2,4,Batter_012,0.474862222408426,powerplay,4
M0002,2,5,Batter_027,0.599327236767829,powerplay,3
M0002,2,5,Batter_027,0.506816738846642,powerplay,3
M0002,2,5,Batter_027,0.599327236767829,powerplay,3
M0002,2,5,Batter_027,0.506816738846642,powerplay,3
M0002,2,5,Batter_027,0.506816738846642,powerplay,3
M0002,2,5,Batter_027,0.599327236767829,powerplay,3
M0002,2,6,Batter_012,0.601065493839749,middle,4
M0002,2,6,Batter_012,0.601065493839749,middle,4
M0002,2,6,Batter_027,0.101652358444322,middle,3
M0002,2,6,Batter_012,0.601065493839749,middle,4
M0003,1,0,Batter_006,0.822520241960854,powerplay,3
M0003,1,1,Batter_006,0.852263108158986,powerplay,3
M0003,1,1,Batter_006,0.852263108158986,powerplay,3
M0003,1,1,Batter_006,0.852263108158986,powerplay,3
M0003,1,2,Batter_006,0.835725897303659,powerplay,3
M0003,1,2,Batter_006,0.812062637831667,powerplay,3
M0003,1,3,Batter_006,0.872181842879879,powerplay,3
M0003,1,3,Batter_006,0.854991921439664,powerplay,3
M0003,1,3,Batter_006,0.854991921439664,powerplay,3
M0003,1,3,Batter_006,0.872181842879879,powerplay,3
M0003,1,3,Batter_006,0.854991921439664,powerplay,3
M0003,1,5,Batter_006,0.846006006050157,powerplay,3
M0003,1,5,Batter_006,0.812933842199619,powerplay,3
M0003,1,6,Batter_006,0.868598261914517,middle,3
M0003,1,6,Batter_006,0.868598261914517,middle,3
M0003,1,6,Batter_006,0.857846516278764,middle,3
M0003,1,7,Batter_006,0.858979146229425,middle,3
M0003,1,7,Batter_006,0.86905580423875,middle,3
M0003,1,7,Batter_006,0.858979146229425,middle,3
M0003,1,7,Batter_006,0.86905580423875,middle,3
M0003,1,7,Batter_006,0.86905580423875,middle,3
M0003,1,8,Batter_006,0.830681083122923,middle,3
M0003,2,0,Batter_033,0.433331930651681,powerplay,1
M0003,2,0,Batter_030,0.333955168545159,powerplay,2
M0003,2,0,Batter_030,0.26963041426245,powerplay,2
M0003,2,0,Batter_030,0.333955168545159,powerplay,2
M0003,2,0,Batter_033,0.44731127192551,powerplay,1
M0003,2,0,Batter_033,0.433331930651681,powerplay,1
M0003,2,1,Batter_033,0.448943882235275,powerplay,1
M0003,2,1,Batter_033,0.448943882235275,powerplay,1
M0003,2,1,Batter_033,0.429876348887135,powerplay,1
M0003,2,1,Batter_033,0.448943882235275,powerplay,1
M0003,2,1,Batter_030,0.278991252358711,powerplay,2
M0003,2,1,Batter_030,0.349356765597171,powerplay,2
M0003,2,2,Batter_033,0.469285632011025,powerplay,1
M0003,2,2,Batter_033,0.494355284626507,powerplay,1
M0003,2,2,Batter_030,0.00915951505591337,powerplay,2
M0003,2,2,Batter_033,0.469285632011025,powerplay,1
M0003,2,2,Batter_033,0.494355284626507,powerplay,1
M0003,2,2,Batter_033,0.494355284626507,powerplay,1
M0003,2,3,Batter_030,0.37496110443661,powerplay,2
M0003,2,3,Batter_030,0.295356827006467,powerplay,2
M0003,2,3,Batter_030,0.295356827006467,powerplay,2
M0003,2,3,Batter_033,0.438420676269767,powerplay,1
M0003,2,3,Batter_033,0.417093345527616,powerplay,1
M0003,2,3,Batter_033,0.438420676269767,powerplay,1
M0003,2,4,Batter_030,0.172428939951047,powerplay,2
M0003,2,4,Batter_030,0.136565338169553,powerplay,2
M0003,2,4,Batter_033,0.394947531034838,powerplay,1
M0003,2,4,Batter_033,0.347960016079641,powerplay,1
M0003,2,4,Batter_033,0.347960016079641,powerplay,1
M0003,2,4,Batter_033,0.394947531034838,powerplay,1
M0004,1,0,Batter_003,0.823791127168079,powerplay,1
M0004,1,0,Batter_003,0.823791127168079,powerplay,1
M0004,1,0,Batter_003,0.823791127168079,powerplay,1
M0004,1,0,Batter_003,0.84725700630803,powerplay,1
M0004,1,0,Batter_003,0.823791127168079,powerplay,1
M0004,1,0,Batter_003,0.84725700630803,powerplay,1
M0004,1,1,Batter_003,0.69146782967637,powerplay,1
M0004,1,1,Batter_003,0.551972450311871,powerplay,1
M0004,1,1,Batter_003,0.551972450311871,powerplay,1
M0004,1,1,Batter_003,0.69146782967637,powerplay,1
M0004,1,2,Batter_003,0.66379661650846,powerplay,1
M0004,1,2,Batter_003,0.754749107600769,powerplay,1
M0004,1,2,Batter_003,0.754749107600769,powerplay,1
M0004,1,2,Batter_003,0.66379661650846,powerplay,1
M0004,1,2,Batter_003,0.66379661650846,powerplay,1
M0004,1,3,Batter_003,0.85320890450244,powerplay,1
M0004,1,3,Batter_003,0.861901683185439,powerplay,1
M0004,1,3,Batter_003,0.861901683185439,powerplay,1
M0004,1,3,Batter_003,0.85320890450244,powerplay,1
M0004,1,3,Batter_003,0.861901683185439,powerplay,1
M0004,1,3,Batter_003,0.85320890450244,powerplay,1
M0004,1,4,Batter_003,0.769235615476135,powerplay,1
M0004,1,4,Batter_003,0.676181015318005,powerplay,1
M0004,1,5,Batter_003,0.868656812721095,powerplay,1
M0004,1,5,Batter_003,0.866469357381028,powerplay,1
M0004,1,5,Batter_003,0.866469357381028,powerplay,1
M0004,1,5,Batter_003,0.868656812721095,powerplay,1
M0004,1,6,Batter_003,0.747832399939553,middle,1
M0004,1,7,Batter_003,0.832361248667782,middle,1
M0004,1,7,Batter_023,0.0392456517480453,middle,3
M0004,1,7,Batter_023,0.0643194418560556,middle,3
M0004,1,7,Batter_003,0.847637714325784,middle,1
M0004,1,8,Batter_023,0.179137281909145,middle,3
M0004,1,8,Batter_023,0.179137281909145,middle,3
M0004,1,8,Batter_023,0.492035298766313,middle,3
M0004,1,8,Batter_023,0.179137281909145,middle,3
M0004,1,8,Batter_023,0.179137281909145,middle,3
M0004,1,8,Batter_023,0.179137281909145,middle,3
M0004,1,9,Batter_003,0.507845716486275,middle,1
M0004,1,9,Batter_023,0.487038673422208,middle,3
M0004,1,9,Batter_003,0.507845716486275,middle,1
M0004,1,9,Batter_003,0.507845716486275,middle,1
M0004,1,9,Batter_003,0.766566184731729,middle,1
M0004,1,9,Batter_003,0.507845716486275,middle,1
M0004,1,10,Batter_023,0.34912473182877,middle,3
M0004,1,10,Batter_023,0.34912473182877,middle,3
M0004,1,10,Batter_023,0.138552397658003,middle,3
M0004,1,10,Batter_023,0.138552397658003,middle,3
M0004,1,10,Batter_023,0.34912473182877,middle,3
M0004,1,10,Batter_003,0.586941077852737,middle,1
M0004,1,11,Batter_023,0.134813888464462,middle,3
M0004,1,11,Batter_003,0.591538049892716,middle,1
M0004,1,11,Batter_003,0.789332307656572,middle,1
M0004,1,11,Batter_003,0.591538049892716,middle,1
M0004,1,11,Batter_003,0.591538049892716,middle,1
M0004,1,11,Batter_003,0.591538049892716,middle,1
M0004,1,12,Batter_003,0.52151167787482,middle,1
M0004,1,12,Batter_023,0.162725575481609,middle,3
M0004,1,12,Batter_023,0.468694130710377,middle,3
M0004,1,12,Batter_023,0.162725575481609,middle,3
M0004,1,12,Batter_023,0.162725575481609,middle,3
M0004,1,12,Batter_023,0.468694130710377,middle,3
M0004,1,13,Batter_003,0.862948117449758,middle,1
M0004,1,13,Batter_003,0.842428198121988,middle,1
M0004,1,14,Batter_003,0.528900235900221,middle,1
M0004,1,14,Batter_003,0.777228064657609,middle,1
M0004,1,14,Batter_003,0.777228064657609,middle,1
M0004,1,14,Batter_003,0.528900235900221,middle,1
M0004,1,14,Batter_003,0.777228064657609,middle,1
M0004,1,14,Batter_003,0.528900235900221,middle,1
M0004,1,15,Batter_003,0.68675222616913,death,1
M0005,1,0,Batter_020,0.566773791622389,powerplay,2
M0005,1,0,Batter_020,0.265976850005869,powerplay,2
M0005,1,0,Batter_020,0.566773791622389,powerplay,2
M0005,1,0,Batter_020,0.265976850005869,powerplay,2
M0005,1,0,Batter_020,0.265976850005869,powerplay,2
M0005,1,1,Batter_020,0.579532662785075,powerplay,2
M0005,1,1,Batter_020,0.0925871778805356,powerplay,2
M0005,1,2,Batter_020,0.522375934626378,powerplay,2
M0005,1,2,Batter_020,0.0929228088647556,powerplay,2
M0005,1,3,Batter_020,0.602235561397191,powerplay,2
M0005,1,3,Batter_020,0.602235561397191,powerplay,2
M0005,1,3,Batter_013,0.596770472382643,powerplay,3
M0005,1,3,Batter_013,0.589691117511207,powerplay,3
M0005,1,3,Batter_013,0.596770472382643,powerplay,3
M0005,1,3,Batter_013,0.589691117511207,powerplay,3
M0005,1,5,Batter_013,0.594800406479639,powerplay,3
M0005,1,5,Batter_013,0.615844015424608,powerplay,3
M0005,1,5,Batter_013,0.594800406479639,powerplay,3
M0005,1,5,Batter_013,0.594800406479639,powerplay,3
M0005,1,5,Batter_013,0.594800406479639,powerplay,3
M0005,1,5,Batter_013,0.615844015424608,powerplay,3
M0005,1,6,Batter_013,0.0979691873450013,middle,3
M0005,1,6,Batter_013,0.0979691873450013,middle,3
M0005,2,0,Batter_016,0.00289319329775776,powerplay,2
M0005,2,0,Batter_016,0.00289319329775776,powerplay,2
M0005,2,0,Batter_016,0.00289319329775776,powerplay,2
M0005,2,1,Batter_016,0.134361814104473,powerplay,2
M0005,2,1,Batter_016,0.439357718312988,powerplay,2
M0005,2,1,Batter_016,0.439357718312988,powerplay,2
M0005,2,1,Batter_016,0.439357718312988,powerplay,2
M0005,2,1,Batter_016,0.134361814104473,powerplay,2
M0005,2,1,Batter_016,0.134361814104473,powerplay,2
M0005,2,2,Batter_016,0.109388280949048,powerplay,2
M0005,2,2,Batter_016,0.109388280949048,powerplay,2
M0005,2,2,Batter_016,0.109388280949048,powerplay,2
M0005,2,2,Batter_016,0.308174283165071,powerplay,2
M0005,2,2,Batter_035,0.181392877383662,powerplay,3
M0005,2,2,Batter_035,0.125467617243426,powerplay,3
M0005,2,3,Batter_016,0.313993037725791,powerplay,2
M0005,2,3,Batter_016,0.313993037725791,powerplay,2
M0005,2,3,Batter_010,0.285822610024821,powerplay,4
M0005,2,3,Batter_010,0.0682027488523485,powerplay,4
M0005,2,3,Batter_035,0.137821987338626,powerplay,3
M0005,2,3,Batter_035,0.215397517807301,powerplay,3
M0005,2,4,Batter_010,0.426280671163415,powerplay,4
M0005,2,4,Batter_010,0.0611006415857277,powerplay,4
M0005,2,4,Batter_010,0.0611006415857277,powerplay,4
M0005,2,4,Batter_010,0.0611006415857277,powerplay,4
M0005,2,4,Batter_035,0.125756589541031,powerplay,3
M0005,2,4,Batter_035,0.124112991704849,powerplay,3
M0005,2,5,Batter_010,0.124059437351863,powerplay,4
M0005,2,5,Batter_035,0.340939941942438,powerplay,3
M0005,2,5,Batter_035,0.340939941942438,powerplay,3
M0005,2,5,Batter_035,0.517209027598343,powerplay,3
M0005,2,5,Batter_035,0.517209027598343,powerplay,3
M0005,2,5,Batter_035,0.517209027598343,powerplay,3
M0005,2,6,Batter_010,0.211039119684564,middle,4
M0005,2,6,Batter_035,0.595793539957926,middle,3
M0005,2,6,Batter_035,0.459139063823481,middle,3
M0005,2,6,Batter_035,0.595793539957926,middle,3
M0005,2,6,Batter_035,0.595793539957926,middle,3
M0005,2,6,Batter_035,0.595793539957926,middle,3
M0005,2,7,Batter_010,0.171054154750669,middle,4
M0005,2,7,Batter_035,0.483337034022138,middle,3
M0005,2,7,Batter_035,0.619709199473783,middle,3
M0005,2,7,Batter_035,0.483337034022138,middle,3
M0005,2,7,Batter_035,0.483337034022138,middle,3
M0005,2,7,Batter_010,0.171054154750669,middle,4
M0005,2,8,Batter_035,0.305495582507116,middle,3
M0006,1,0,Batter_025,0.433744870712953,powerplay,1
M0006,1,0,Batter_033,0.00210876246949952,powerplay,2
M0006,1,0,Batter_033,0.00210876246949952,powerplay,2
M0006,1,0,Batter_033,0.00210876246949952,powerplay,2
M0006,1,0,Batter_025,0.433744870712953,powerplay,1
M0006,1,1,Batter_025,0.812384904826747,powerplay,1
M0006,1,1,Batter_025,0.812384904826747,powerplay,1
M0006,1,1,Batter_025,0.87949667084883,powerplay,1
M0006,1,1,Batter_025,0.812384904826747,powerplay,1
M0006,1,1,Batter_025,0.87949667084883,powerplay,1
M0006,1,2,Batter_025,0.787391996626413,powerplay,1
M0006,1,3,Batter_025,0.751985429481973,powerplay,1
M0006,1,3,Batter_025,0.751985429481973,powerplay,1
M0006,1,3,Batter_025,0.767167584905425,powerplay,1
M0006,1,4,Batter_025,0.805282580685535,powerplay,1
M0006,1,4,Batter_025,0.87854099249376,powerplay,1
M0006,1,4,Batter_025,0.87854099249376,powerplay,1
M0006,1,4,Batter_025,0.805282580685535,powerplay,1
M0006,1,4,Batter_025,0.805282580685535,powerplay,1
M0006,1,5,Batter_025,0.751789893245457,powerplay,1
M0006,1,5,Batter_025,0.476151620077014,powerplay,1
M0006,1,5,Batter_025,0.751789893245457,powerplay,1
M0006,1,5,Batter_025,0.476151620077014,powerplay,1
M0006,1,6,Batter_025,0.690760734475668,middle,1
M0006,1,6,Batter_025,0.690760734475668,middle,1
M0006,1,6,Batter_025,0.690760734475668,middle,1
M0006,1,6,Batter_025,0.690760734475668,middle,1
M0006,1,6,Batter_025,0.650011131435361,middle,1
M0006,1,6,Batter_025,0.650011131435361,middle,1
M0006,1,7,Batter_030,0.290821163674341,middle,4
M0006,1,7,Batter_030,0.290821163674341,middle,4
M0006,1,8,Batter_030,0.626413239274896,middle,4
M0006,1,8,Batter_030,0.28409214710279,middle,4
M0006,1,8,Batter_030,0.28409214710279,middle,4
M0006,1,8,Batter_030,0.28409214710279,middle,4
M0006,2,0,Batter_023,0.199073541348231,powerplay,1
M0006,2,0,Batter_023,0.211425646104718,powerplay,1
M0006,2,0,Batter_003,0.181942992512258,powerplay,2
M0006,2,0,Batter_023,0.211425646104718,powerplay,1
M0006,2,0,Batter_023,0.199073541348231,powerplay,1
M0006,2,0,Batter_003,0.181942992512258,powerplay,2
M0006,2,1,Batter_023,0.0221738776399573,powerplay,1
M0006,2,1,Batter_003,0.198662336619739,powerplay,2
M0006,2,1,Batter_003,0.194592469810977,powerplay,2
M0006,2,1,Batter_003,0.194592469810977,powerplay,2
M0006,2,1,Batter_023,0.0221738776399573,powerplay,1
M0006,2,1,Batter_003,0.198662336619739,powerplay,2
M0006,2,2,Batter_023,0.178743445124209,powerplay,1
M0006,2,2,Batter_003,0.268189107214465,powerplay,2
M0006,2,2,Batter_003,0.178184924396577,powerplay,2
M0006,2,2,Batter_003,0.178184924396577,powerplay,2
M0006,2,2,Batter_023,0.178743445124209,powerplay,1
M0006,2,2,Batter_023,0.245015039069931,powerplay,1
M0006,2,3,Batter_003,0.37638070233511,powerplay,2
M0006,2,3,Batter_003,0.193851089976398,powerplay,2
M0006,2,3,Batter_023,0.205198080534695,powerplay,1
M0006,2,3,Batter_003,0.37638070233511,powerplay,2
M0006,2,3,Batter_023,0.199672259995209,powerplay,1
M0006,2,3,Batter_003,0.193851089976398,powerplay,2
M0006,2,4,Batter_003,0.185576696103619,powerplay,2
M0006,2,4,Batter_003,0.300736517104036,powerplay,2
M0006,2,4,Batter_023,0.235009716148118,powerplay,1
M0006,2,4,Batter_023,0.184717079365654,powerplay,1
M0006,2,4,Batter_023,0.184717079365654,powerplay,1
M0006,2,4,Batter_023,0.235009716148118,powerplay,1
M0006,2,5,Batter_023,0.192204180254647,powerplay,1
M0006,2,5,Batter_023,0.207163764744103,powerplay,1
M0006,2,5,Batter_003,0.40440296578871,powerplay,2
M0006,2,5,Batter_003,0.201355436665481,powerplay,2
M0006,2,5,Batter_023,0.207163764744103,powerplay,1
M0006,2,5,Batter_023,0.192204180254647,powerplay,1
M0007,1,0,Batter_023,0.306134220500147,powerplay,2
M0007,1,0,Batter_023,0.571654160218177,powerplay,2
M0007,1,1,Batter_023,0.105461408374808,powerplay,2
M0007,1,1,Batter_003,0.747647703366221,powerplay,3
M0007,1,1,Batter_023,0.105611414310022,powerplay,2
M0007,1,1,Batter_023,0.105611414310022,powerplay,2
M0007,1,2,Batter_023,0.562198193948378,powerplay,2
M0007,1,2,Batter_023,0.293112979775963,powerplay,2
M0007,1,2,Batter_003,0.191389359713362,powerplay,3
M0007,1,2,Batter_003,0.343038981823407,powerplay,3
M0007,1,2,Batter_023,0.293112979775963,powerplay,2
M0007,1,2,Batter_023,0.293112979775963,powerplay,2
M0007,1,3,Batter_003,0.86659571292746,powerplay,3
M0007,1,3,Batter_003,0.881229191163744,powerplay,3
M0007,1,3,Batter_023,0.0394773229960716,powerplay,2
M0007,1,3,Batter_003,0.881229191163744,powerplay,3
M0007,1,3,Batter_003,0.86659571292746,powerplay,3
M0007,1,3,Batter_023,0.0340431016874343,powerplay,2
M0007,1,4,Batter_023,0.103737019624947,powerplay,2
M0007,1,4,Batter_023,0.102689817560467,powerplay,2
M0007,1,4,Batter_003,0.799709593512929,powerplay,3
M0007,1,4,Batter_003,0.770043883629072,powerplay,3
M0007,1,4,Batter_003,0.799709593512929,powerplay,3
M0007,1,5,Batter_003,0.775002059970264,powerplay,3
M0007,1,5,Batter_003,0.775002059970264,powerplay,3
M0007,1,5,Batter_003,0.804538290802117,powerplay,3
M0007,1,5,Batter_003,0.775002059970264,powerplay,3
M0007,1,5,Batter_003,0.775002059970264,powerplay,3
M0007,1,5,Batter_003,0.804538290802117,powerplay,3
M0007,1,6,Batter_003,0.847645826227142,middle,3
M0007,1,6,Batter_003,0.876614304863234,middle,3
M0007,1,6,Batter_003,0.847645826227142,middle,3
M0007,1,6,Batter_003,0.847645826227142,middle,3
M0007,1,7,Batter_003,0.708275429231155,middle,3
M0007,1,7,Batter_003,0.821885003759802,middle,3
M0007,1,7,Batter_003,0.708275429231155,middle,3
M0007,1,7,Batter_003,0.708275429231155,middle,3
M0007,1,7,Batter_003,0.708275429231155,middle,3
M0007,1,8,Batter_003,0.850370146738736,middle,3
M0007,1,8,Batter_003,0.871539125263445,middle,3
M0007,1,8,Batter_003,0.871539125263445,middle,3
M0007,1,8,Batter_003,0.871539125263445,middle,3
M0007,1,8,Batter_003,0.871539125263445,middle,3
M0007,1,8,Batter_003,0.871539125263445,middle,3
M0007,2,0,Batter_028,0.0381131623822505,powerplay,1
M0007,2,0,Batter_028,0.0381131623822505,powerplay,1
M0007,2,0,Batter_028,0.222113330849578,powerplay,1
M0007,2,0,Batter_004,0.239114494075769,powerplay,2
M0007,2,0,Batter_004,0.239114494075769,powerplay,2
M0007,2,0,Batter_004,0.475356158120847,powerplay,2
M0007,2,1,Batter_028,0.0975383073984817,powerplay,1
M0007,2,1,Batter_028,0.303435771798048,powerplay,1
M0007,2,1,Batter_004,0.443231482990583,powerplay,2
M0007,2,1,Batter_028,0.0975383073984817,powerplay,1
M0007,2,1,Batter_004,0.443231482990583,powerplay,2
M0007,2,1,Batter_004,0.443231482990583,powerplay,2
M0007,2,2,Batter_004,0.66535030875961,powerplay,2
M0007,2,2,Batter_028,0.303477556446458,powerplay,1
M0007,2,2,Batter_004,0.66535030875961,powerplay,2
M0007,2,2,Batter_004,0.458686966660574,powerplay,2
M0007,2,2,Batter_028,0.105061025162788,powerplay,1
M0007,2,2,Batter_004,0.458686966660574,powerplay,2
M0007,2,3,Batter_028,0.253435517249463,powerplay,1
M0007,2,3,Batter_028,0.253435517249463,powerplay,1
M0007,2,3,Batter_028,0.240376191038955,powerplay,1
M0007,2,3,Batter_038,0.00155655654010923,powerplay,3
M0007,2,3,Batter_004,0.588625567384314,powerplay,2
M0007,2,3,Batter_004,0.144701919394379,powerplay,2
M0007,2,4,Batter_038,0.00140753568616173,powerplay,3
M0007,2,4,Batter_004,0.488072475023717,powerplay,2
M0007,2,4,Batter_004,0.488072475023717,powerplay,2
M0007,2,4,Batter_004,0.488072475023717,powerplay,2
M0007,2,4,Batter_004,0.680131620892441,powerplay,2
M0007,2,4,Batter_004,0.680131620892441,powerplay,2
M0007,2,5,Batter_038,0.00125916843656446,powerplay,3
M0007,2,5,Batter_038,0.00125916843656446,powerplay,3
M0007,2,5,Batter_038,0.00125916843656446,powerplay,3
M0007,2,5,Batter_004,0.361793025439816,powerplay,2
M0007,2,5,Batter_004,0.541934199654083,powerplay,2
M0007,2,5,Batter_004,0.541934199654083,powerplay,2
M0007,2,6,Batter_038,0.00150791295394629,middle,3
M0007,2,6,Batter_038,0.00150791295394629,middle,3
M0007,2,6,Batter_004,0.270715828298319,middle,2
M0007,2,6,Batter_038,0.00150791295394629,middle,3
M0007,2,6,Batter_004,0.651876095263839,middle,2
M0007,2,6,Batter_004,0.270715828298319,middle,2
M0007,2,7,Batter_038,0.00132109341585839,middle,3
M0007,2,7,Batter_017,0.0191571508297692,middle,4
M0007,2,7,Batter_004,0.574279531232496,middle,2
M0007,2,7,Batter_004,0.574279531232496,middle,2
M0007,2,7,Batter_004,0.455552288068318,middle,2
M0007,2,7,Batter_004,0.574279531232496,middle,2
M0007,2,8,Batter_004,0.80071956206734,middle,2
M0007,2,8,Batter_017,0.021316152525394,middle,4
M0007,2,8,Batter_017,0.0165682292173596,middle,4
M0007,2,8,Batter_004,0.517815239352007,middle,2
M0007,2,8,Batter_004,0.517815239352007,middle,2
M0007,2,8,Batter_004,0.517815239352007,middle,2
M0007,2,9,Batter_017,0.0520436990130113,middle,4
M0007,2,9,Batter_017,0.0152685199375999,middle,4
M0007,2,9,Batter_004,0.506827398118628,middle,2
M0008,1,0,Batter_046,0.827700538928458,powerplay,1
M0008,1,0,Batter_046,0.827700538928458,powerplay,1
M0008,1,0,Batter_046,0.906983421848108,powerplay,1
M0008,1,0,Batter_046,0.827700538928458,powerplay,1
M0008,1,0,Batter_046,0.906983421848108,powerplay,1
M0008,1,1,Batter_046,0.907646398227354,powerplay,1
M0008,1,1,Batter_046,0.907646398227354,powerplay,1
M0008,1,1,Batter_012,0.000388787827952745,powerplay,3
M0008,1,1,Batter_046,0.907646398227354,powerplay,1
M0008,1,1,Batter_046,0.907646398227354,powerplay,1
M0008,1,1,Batter_046,0.907646398227354,powerplay,1
M0008,1,2,Batter_046,0.845519824679911,powerplay,1
M0008,1,2,Batter_046,0.853725399013018,powerplay,1
M0008,1,2,Batter_012,0.151979145005049,powerplay,3
M0008,1,2,Batter_046,0.845519824679911,powerplay,1
M0008,1,2,Batter_046,0.845519824679911,powerplay,1
M0008,1,2,Batter_012,0.151979145005049,powerplay,3
M0008,1,3,Batter_046,0.846203833718535,powerplay,1
M0008,1,3,Batter_046,0.846203833718535,powerplay,1
M0008,1,3,Batter_046,0.906925033234982,powerplay,1
M0008,1,3,Batter_046,0.846203833718535,powerplay,1
M0008,1,3,Batter_046,0.846203833718535,powerplay,1
M0008,1,3,Batter_046,0.846203833718535,powerplay,1
M0008,1,4,Batter_012,0.160349129568703,powerplay,3
M0008,1,4,Batter_012,0.160349129568703,powerplay,3
M0008,1,4,Batter_046,0.857534180839844,powerplay,1
M0008,1,4,Batter_046,0.857534180839844,powerplay,1
M0008,1,4,Batter_012,0.911961669095073,powerplay,3
M0008,1,4,Batter_012,0.160349129568703,powerplay,3
M0008,1,5,Batter_012,0.164053418846165,powerplay,3
M0008,1,5,Batter_012,0.164053418846165,powerplay,3
M0008,1,5,Batter_046,0.858690179058363,powerplay,1
M0008,1,5,Batter_046,0.858690179058363,powerplay,1
M0008,1,5,Batter_012,0.912180765310185,powerplay,3
M0008,1,5,Batter_012,0.164053418846165,powerplay,3
M0008,1,6,Batter_046,0.842972959253871,middle,1
M0008,1,6,Batter_012,0.0595933000135912,middle,3
M0008,1,6,Batter_046,0.827609839622355,middle,1
M0008,1,6,Batter_012,0.0595933000135912,middle,3
M0008,1,6,Batter_027,0.00670528981196861,middle,4
M0008,1,6,Batter_046,0.842972959253871,middle,1
M0008,1,7,Batter_027,0.728319257866402,middle,4
M0008,1,7,Batter_027,0.862040373910223,middle,4
M0008,1,7,Batter_027,0.862040373910223,middle,4
M0008,1,7,Batter_027,0.862040373910223,middle,4
M0008,1,7,Batter_027,0.728319257866402,middle,4
M0008,1,7,Batter_027,0.862040373910223,middle,4
M0008,1,8,Batter_046,0.783445356139429,middle,1
M0008,1,8,Batter_046,0.783445356139429,middle,1
M0008,1,8,Batter_046,0.894441874397382,middle,1
M0008,1,8,Batter_027,0.923778824081525,middle,4
M0008,1,8,Batter_046,0.894441874397382,middle,1
M0008,1,8,Batter_046,0.783445356139429,middle,1
M0008,1,9,Batter_027,0.923080020518847,middle,4
M0008,1,9,Batter_046,0.891578214591671,middle,1
M0008,1,9,Batter_027,0.923080020518847,middle,4
M0008,1,9,Batter_027,0.895393959166447,middle,4
M0008,1,9,Batter_027,0.895393959166447,middle,4
M0008,1,9,Batter_027,0.895393959166447,middle,4
M0008,1,10,Batter_027,0.89338506769664,middle,4
M0008,1,10,Batter_027,0.89338506769664,middle,4
M0008,1,10,Batter_027,0.89338506769664,middle,4
M0008,1,10,Batter_046,0.79871178711791,middle,1
M0008,1,10,Batter_027,0.89338506769664,middle,4
M0008,1,10,Batter_027,0.921683600540793,middle,4
M0008,1,11,Batter_046,0.885124904221204,middle,1
M0008,1,11,Batter_046,0.805339800992011,middle,1
M0008,1,11,Batter_046,0.805339800992011,middle,1
M0008,1,11,Batter_046,0.885124904221204,middle,1
M0008,1,11,Batter_027,0.890970592329612,middle,4
M0008,1,11,Batter_046,0.885124904221204,middle,1
M0008,1,12,Batter_027,0.888180986211935,middle,4
M0008,1,12,Batter_027,0.888180986211935,middle,4
M0008,1,12,Batter_027,0.916663269120754,middle,4
M0008,1,12,Batter_027,0.916663269120754,middle,4
M0008,1,12,Batter_027,0.888180986211935,middle,4
M0008,1,12,Batter_027,0.888180986211935,middle,4
M0008,1,13,Batter_046,0.832572714050528,middle,1
M0008,1,13,Batter_046,0.832572714050528,middle,1
M0008,1,13,Batter_046,0.832572714050528,middle,1
M0008,1,13,Batter_046,0.907521798090982,middle,1
M0008,1,13,Batter_046,0.832572714050528,middle,1
M0008,1,13,Batter_046,0.907521798090982,middle,1
M0008,1,14,Batter_027,0.0100337370534117,middle,4
M0008,1,14,Batter_027,0.0100337370534117,middle,4
M0008,2,0,Batter_020,0.70342422055814,powerplay,1
M0008,2,0,Batter_020,0.843111544957061,powerplay,1
M0008,2,1,Batter_020,0.71305245547603,powerplay,1
M0008,2,1,Batter_020,0.844914639139125,powerplay,1
M0008,2,1,Batter_020,0.844914639139125,powerplay,1
M0008,2,1,Batter_020,0.71305245547603,powerplay,1
M0008,2,1,Batter_013,0.758968616658488,powerplay,4
M0008,2,2,Batter_020,0.720399822780312,powerplay,1
M0008,2,2,Batter_013,0.840423934843391,powerplay,4
M0008,2,2,Batter_013,0.756562177825602,powerplay,4
M0008,2,2,Batter_013,0.756562177825602,powerplay,4
M0008,2,2,Batter_020,0.845999546196271,powerplay,1
M0008,2,2,Batter_013,0.840423934843391,powerplay,4
M0008,2,3,Batter_013,0.820405347067893,powerplay,4
M0008,2,3,Batter_013,0.791519882406989,powerplay,4
M0008,2,3,Batter_013,0.820405347067893,powerplay,4
M0008,2,3,Batter_013,0.791519882406989,powerplay,4
M0008,2,3,Batter_013,0.791519882406989,powerplay,4
M0008,2,3,Batter_013,0.820405347067893,powerplay,4
M0008,2,4,Batter_020,0.0161907502021832,powerplay,1
M0009,1,0,Batter_010,0.452484997730348,powerplay,1
M0009,1,0,Batter_035,0.121124698696495,powerplay,2
M0009,1,0,Batter_010,0.452484997730348,powerplay,1
M0009,1,0,Batter_010,0.43678731538124,powerplay,1
M0009,1,0,Batter_010,0.43678731538124,powerplay,1
M0009,1,0,Batter_010,0.43678731538124,powerplay,1
M0009,1,1,Batter_010,0.600168167557031,powerplay,1
M0009,1,1,Batter_035,0.115346625449077,powerplay,2
M0009,1,1,Batter_035,0.155961850561253,powerplay,2
M0009,1,1,Batter_035,0.115346625449077,powerplay,2
M0009,1,1,Batter_035,0.115346625449077,powerplay,2
M0009,1,1,Batter_035,0.155961850561253,powerplay,2
M0009,1,2,Batter_010,0.311811868115668,powerplay,1
M0009,1,2,Batter_035,0.115656987159484,powerplay,2
M0009,1,2,Batter_010,0.22355490934782,powerplay,1
M0009,1,2,Batter_010,0.22355490934782,powerplay,1
M0009,1,2,Batter_035,0.115656987159484,powerplay,2
M0009,1,2,Batter_010,0.311811868115668,powerplay,1
M0009,1,3,Batter_035,0.198267828327494,powerplay,2
M0009,1,3,Batter_010,0.27674475132144,powerplay,1
M0009,1,3,Batter_010,0.27674475132144,powerplay,1
M0009,1,3,Batter_010,0.516884118484082,powerplay,1
M0009,1,3,Batter_010,0.516884118484082,powerplay,1
M0009,1,3,Batter_035,0.181541351922507,powerplay,2
M0009,1,4,Batter_010,0.179765578752881,powerplay,1
M0009,1,4,Batter_035,0.269929444116529,powerplay,2
M0009,1,4,Batter_035,0.375368358150845,powerplay,2
M0009,1,4,Batter_035,0.269929444116529,powerplay,2
M0009,1,4,Batter_035,0.269929444116529,powerplay,2
M0009,1,4,Batter_035,0.375368358150845,powerplay,2
M0009,1,5,Batter_035,0.252950056539045,powerplay,2
M0009,1,5,Batter_035,0.252950056539045,powerplay,2
M0009,1,5,Batter_035,0.281339312609684,powerplay,2
M0009,1,5,Batter_035,0.281339312609684,powerplay,2
M0009,1,5,Batter_035,0.281339312609684,powerplay,2
M0009,1,5,Batter_035,0.281339312609684,powerplay,2
M0009,1,6,Batter_010,0.453920285455019,middle,1
M0009,1,6,Batter_010,0.0973913365916497,middle,1
M0009,1,6,Batter_010,0.453920285455019,middle,1
M0009,1,6,Batter_010,0.0973913365916497,middle,1
M0009,1,6,Batter_010,0.0973913365916497,middle,1
M0009,1,6,Batter_016,0.138989904626612,middle,3
M0009,1,7,Batter_035,0.477202015655918,middle,2
M0009,1,7,Batter_016,0.187293639258089,middle,3
M0009,1,7,Batter_035,0.477202015655918,middle,2
M0009,1,7,Batter_016,0.263944313916377,middle,3
M0009,1,7,Batter_035,0.477202015655918,middle,2
M0009,1,7,Batter_035,0.551797793541514,middle,2
M0009,1,8,Batter_016,0.351016643822053,middle,3
M0009,1,8,Batter_016,0.32210477480111,middle,3
M0009,1,8,Batter_035,0.530526586728388,middle,2
M0009,1,8,Batter_035,0.536115745215867,middle,2
M0009,1,8,Batter_035,0.530526586728388,middle,2
M0009,1,8,Batter_035,0.530526586728388,middle,2
M0009,1,9,Batter_016,0.201689265757534,middle,3
M0009,1,9,Batter_016,0.294053431067756,middle,3
M0009,1,9,Batter_016,0.294053431067756,middle,3
M0009,1,9,Batter_016,0.201689265757534,middle,3
M0009,1,9,Batter_016,0.294053431067756,middle,3
M0009,1,9,Batter_016,0.201689265757534,middle,3
M0009,1,10,Batter_016,0.337593323788633,middle,3
M0009,1,10,Batter_035,0.607096526687356,middle,2
M0009,1,10,Batter_016,0.394589798177151,middle,3
M0009,1,10,Batter_016,0.337593323788633,middle,3
M0009,1,10,Batter_016,0.337593323788633,middle,3
M0009,1,10,Batter_035,0.587513187259,middle,2
M0009,1,11,Batter_035,0.634549137958035,middle,2
M0009,1,11,Batter_035,0.609467076957917,middle,2
M0009,1,11,Batter_016,0.343212096093882,middle,3
M0009,1,11,Batter_016,0.343212096093882,middle,3
M0009,1,11,Batter_035,0.609467076957917,middle,2
M0009,1,11,Batter_035,0.634549137958035,middle,2
M0009,1,12,Batter_035,0.628832188101988,middle,2
M0009,1,12,Batter_016,0.422461053065689,middle,3
M0009,1,12,Batter_016,0.347301932905338,middle,3
M0009,1,12,Batter_016,0.422461053065689,middle,3
M0009,1,12,Batter_016,0.422461053065689,middle,3
M0009,1,12,Batter_016,0.422461053065689,middle,3
M0009,1,13,Batter_035,0.645697200294704,middle,2
M0009,1,13,Batter_035,0.645697200294704,middle,2
M0009,1,13,Batter_035,0.645697200294704,middle,2
M0009,1,13,Batter_016,0.428108545016113,middle,3
M0009,1,13,Batter_016,0.428108545016113,middle,3
M0009,1,13,Batter_016,0.34990652294456,middle,3
M0009,1,14,Batter_035,0.660232477482371,middle,2
M0009,1,14,Batter_035,0.682715801919456,middle,2
M0009,1,14,Batter_035,0.660232477482371,middle,2
M0009,1,14,Batter_035,0.682715801919456,middle,2
M0009,1,14,Batter_035,0.660232477482371,middle,2
M0009,1,14,Batter_035,0.682715801919456,middle,2
M0009,1,15,Batter_016,0.596286342782874,death,3
M0009,1,15,Batter_016,0.596286342782874,death,3
M0009,1,15,Batter_035,0.422131823942693,death,2
M0009,1,15,Batter_035,0.404735305931656,death,2
M0009,1,15,Batter_035,0.404735305931656,death,2
M0009,1,15,Batter_035,0.422131823942693,death,2
M0009,1,16,Batter_035,0.348457884156699,death,2
M0009,1,16,Batter_035,0.414506439577954,death,2
M0009,1,17,Batter_016,0.744948467519528,death,3
M0009,1,17,Batter_016,0.639884480929078,death,3
M0009,1,17,Batter_016,0.744948467519528,death,3
M0009,1,17,Batter_016,0.744948467519528,death,3
M0009,1,17,Batter_016,0.639884480929078,death,3
M0009,1,17,Batter_016,0.744948467519528,death,3
M0009,1,19,Batter_016,0.707788743190779,death,3
M0009,1,19,Batter_016,0.707788743190779,death,3
M0009,2,0,Batter_015,0.154175580624014,powerplay,1
M0009,2,0,Batter_048,0.208760982886331,powerplay,2
M0009,2,0,Batter_048,0.155837894895572,powerplay,2
M0009,2,0,Batter_015,0.154175580624014,powerplay,1
M0009,2,0,Batter_015,0.154175580624014,powerplay,1
M0009,2,0,Batter_015,0.154175580624014,powerplay,1
M0009,2,1,Batter_015,0.169418322650567,powerplay,1
M0009,2,1,Batter_015,0.169418322650567,powerplay,1
M0009,2,1,Batter_048,0.290492484430899,powerplay,2
M0009,2,1,Batter_015,0.139427703199533,powerplay,1
M0009,2,1,Batter_015,0.139427703199533,powerplay,1
M0009,2,1,Batter_048,0.290492484430899,powerplay,2
M0009,2,2,Batter_015,0.152255524085491,powerplay,1
M0009,2,2,Batter_015,0.152255524085491,powerplay,1
M0009,2,2,Batter_015,0.152255524085491,powerplay,1
M0009,2,2,Batter_048,0.241623765294106,powerplay,2
M0009,2,2,Batter_048,0.212136188320429,powerplay,2
M0009,2,2,Batter_048,0.241623765294106,powerplay,2
M0009,2,3,Batter_015,0.150947758071616,powerplay,1
M0009,2,3,Batter_015,0.379759646304269,powerplay,1
M0009,2,3,Batter_015,0.150947758071616,powerplay,1
M0009,2,3,Batter_015,0.150947758071616,powerplay,1
M0009,2,3,Batter_048,0.259035665651596,powerplay,2
M0009,2,3,Batter_048,0.243730927964433,powerplay,2
M0009,2,4,Batter_015,0.149407448744322,powerplay,1
M0009,2,4,Batter_048,0.277027899838636,powerplay,2
M0009,2,4,Batter_048,0.277027899838636,powerplay,2
M0009,2,4,Batter_015,0.354171745757562,powerplay,1
M0009,2,4,Batter_015,0.354171745757562,powerplay,1
M0009,2,4,Batter_048,0.277027899838636,powerplay,2
M0009,2,5,Batter_048,0.132145259829197,powerplay,2
M0009,2,5,Batter_048,0.132145259829197,powerplay,2
M0009,2,5,Batter_015,0.0959174731622373,powerplay,1
M0009,2,5,Batter_048,0.132145259829197,powerplay,2
M0009,2,5,Batter_015,0.271710576636742,powerplay,1
M0009,2,5,Batter_015,0.271710576636742,powerplay,1
M0009,2,6,Batter_015,0.0492888482620467,middle,1
M0009,2,6,Batter_015,0.0492888482620467,middle,1
M0009,2,6,Batter_048,0.226723017140704,middle,2
M0009,2,6,Batter_048,0.226723017140704,middle,2
M0009,2,6,Batter_048,0.168258796004454,middle,2
M0009,2,6,Batter_048,0.168258796004454,middle,2
M0009,2,7,Batter_015,0.035941002067259,middle,1
M0009,2,7,Batter_002,0.601884886367709,middle,3
M0009,2,7,Batter_002,0.52354854019201,middle,3
M0009,2,7,Batter_002,0.601884886367709,middle,3
M0009,2,7,Batter_002,0.52354854019201,middle,3
M0009,2,7,Batter_002,0.52354854019201,middle,3
M0009,2,8,Batter_002,0.437311468585371,middle,3
M0009,2,8,Batter_002,0.437311468585371,middle,3
M0009,2,8,Batter_002,0.437311468585371,middle,3
M0009,2,8,Batter_002,0.547460048566292,middle,3
M0009,2,8,Batter_002,0.437311468585371,middle,3
M0009,2,8,Batter_002,0.547460048566292,middle,3
M0009,2,9,Batter_002,0.61166584968984,middle,3
M0009,2,9,Batter_002,0.61166584968984,middle,3
M0009,2,9,Batter_048,0.0788310678643517,middle,2
M0009,2,9,Batter_002,0.61166584968984,middle,3
M0009,2,9,Batter_002,0.61166584968984,middle,3
M0009,2,9,Batter_002,0.61166584968984,middle,3
M0009,2,10,Batter_048,0.273670539345688,middle,2
M0009,2,10,Batter_048,0.273670539345688,middle,2
M0009,2,10,Batter_002,0.451131152504715,middle,3
M0009,2,10,Batter_002,0.451131152504715,middle,3
M0009,2,10,Batter_002,0.451131152504715,middle,3
M0009,2,10,Batter_002,0.451131152504715,middle,3
M0009,2,11,Batter_002,0.566006725062435,middle,3
M0009,2,11,Batter_002,0.566006725062435,middle,3
M0009,2,11,Batter_002,0.618187323879957,middle,3
M0009,2,11,Batter_048,0.0939807941439481,middle,2
M0009,2,11,Batter_002,0.618187323879957,middle,3
M0009,2,11,Batter_002,0.618187323879957,middle,3
M0009,2,12,Batter_002,0.620182275556855,middle,3
M0009,2,12,Batter_048,0.207698681989409,middle,2
M0009,2,12,Batter_048,0.102379997747756,middle,2
M0009,2,12,Batter_048,0.102379997747756,middle,2
M0009,2,12,Batter_002,0.620182275556855,middle,3
M0009,2,12,Batter_048,0.207698681989409,middle,2
M0009,2,13,Batter_048,0.267497554566498,middle,2
M0009,2,13,Batter_002,0.557153615247139,middle,3
M0009,2,13,Batter_002,0.557153615247139,middle,3
M0009,2,13,Batter_002,0.582759943214003,middle,3
M0009,2,13,Batter_002,0.557153615247139,middle,3
M0009,2,13,Batter_048,0.248932855458824,middle,2
M0009,2,14,Batter_048,0.378876991913872,middle,2
M0009,2,14,Batter_048,0.364669738478416,middle,2
M0009,2,14,Batter_002,0.503795872801602,middle,3
M0009,2,14,Batter_048,0.364669738478416,middle,2
M0009,2,14,Batter_048,0.364669738478416,middle,2
M0009,2,14,Batter_002,0.452473980730639,middle,3
M0009,2,15,Batter_002,0.34236123964927,death,3
M0009,2,15,Batter_048,0.475415754921928,death,2
M0009,2,15,Batter_048,0.567461688270873,death,2
M0009,2,15,Batter_048,0.475415754921928,death,2
M0009,2,15,Batter_002,0.420005750444016,death,3
M0009,2,15,Batter_002,0.34236123964927,death,3
M0009,2,16,Batter_048,0.577504981951892,death,2
M0009,2,16,Batter_048,0.577504981951892,death,2
M0009,2,16,Batter_048,0.577504981951892,death,2
M0009,2,16,Batter_048,0.577504981951892,death,2
M0009,2,16,Batter_048,0.674540248454785,death,2
M0009,2,16,Batter_048,0.674540248454785,death,2
M0009,2,17,Batter_002,0.323771736929512,death,3
M0009,2,17,Batter_048,0.50920009768188,death,2
M0009,2,17,Batter_048,0.597009926237468,death,2
M0009,2,17,Batter_048,0.597009926237468,death,2
M0009,2,17,Batter_002,0.409846844255983,death,3
M0009,2,17,Batter_002,0.323771736929512,death,3
M0009,2,18,Batter_048,0.597533936157018,death,2
M0009,2,18,Batter_048,0.697016335495836,death,2
M0009,2,18,Batter_048,0.597533936157018,death,2
M0009,2,18,Batter_048,0.597533936157018,death,2
M0009,2,18,Batter_048,0.697016335495836,death,2
M0009,2,18,Batter_048,0.597533936157018,death,2
M0009,2,19,Batter_002,0.305828527985495,death,3
M0009,2,19,Batter_002,0.401472054880373,death,3
M0010,2,0,Batter_002,0.475093728234898,powerplay,1
M0010,2,0,Batter_002,0.485976939383789,powerplay,1
M0010,2,0,Batter_002,0.485976939383789,powerplay,1
M0010,2,0,Batter_002,0.485976939383789,powerplay,1
M0010,2,0,Batter_047,0.382632691772914,powerplay,2
M0010,2,0,Batter_047,0.359700393933787,powerplay,2
M0010,2,1,Batter_002,0.644162895880466,powerplay,1
M0010,2,1,Batter_002,0.80075665686659,powerplay,1
M0010,2,1,Batter_002,0.644162895880466,powerplay,1
M0010,2,1,Batter_002,0.80075665686659,powerplay,1
M0010,2,1,Batter_002,0.644162895880466,powerplay,1
M0010,2,1,Batter_002,0.644162895880466,powerplay,1
M0010,2,2,Batter_047,0.312716104892417,powerplay,2
M0010,2,2,Batter_047,0.312716104892417,powerplay,2
M0010,2,2,Batter_047,0.370714619724549,powerplay,2
M0010,2,2,Batter_047,0.370714619724549,powerplay,2
M0010,2,2,Batter_002,0.492743695309405,powerplay,1
M0010,2,2,Batter_002,0.535014415508196,powerplay,1
M0010,2,3,Batter_002,0.20112670523211,powerplay,1
M0010,2,3,Batter_002,0.20112670523211,powerplay,1
M0010,2,3,Batter_002,0.20112670523211,powerplay,1
M0010,2,3,Batter_002,0.20112670523211,powerplay,1
M0010,2,3,Batter_047,0.529499263091019,powerplay,2
M0010,2,3,Batter_047,0.202685900954778,powerplay,2
M0011,1,0,Batter_035,0.230558009633863,powerplay,1
M0011,1,0,Batter_010,0.697817674408878,powerplay,2
M0011,1,0,Batter_010,0.697817674408878,powerplay,2
M0011,1,0,Batter_010,0.697817674408878,powerplay,2
M0011,1,0,Batter_035,0.230558009633863,powerplay,1
M0011,1,0,Batter_035,0.230558009633863,powerplay,1
M0011,1,1,Batter_010,0.503654121545256,powerplay,2
M0011,1,1,Batter_010,0.653803544127475,powerplay,2
M0011,1,1,Batter_010,0.653803544127475,powerplay,2
M0011,1,1,Batter_010,0.503654121545256,powerplay,2
M0011,1,1,Batter_035,0.425897466427405,powerplay,1
M0011,1,1,Batter_010,0.503654121545256,powerplay,2
M0011,1,2,Batter_010,0.678105629127447,powerplay,2
M0011,1,2,Batter_035,0.495880517894597,powerplay,1
M0011,1,2,Batter_035,0.291641759446454,powerplay,1
M0011,1,2,Batter_010,0.678105629127447,powerplay,2
M0011,1,2,Batter_010,0.678105629127447,powerplay,2
M0011,1,2,Batter_010,0.678105629127447,powerplay,2
M0011,1,3,Batter_010,0.424414421063579,powerplay,2
M0011,1,3,Batter_035,0.594815557389449,powerplay,1
M0011,1,3,Batter_010,0.424414421063579,powerplay,2
M0011,1,3,Batter_010,0.424414421063579,powerplay,2
M0011,1,3,Batter_010,0.554275975406229,powerplay,2
M0011,1,3,Batter_035,0.594815557389449,powerplay,1
M0011,1,4,Batter_035,0.649182358309139,powerplay,1
M0011,1,4,Batter_035,0.538850113827594,powerplay,1
M0011,1,4,Batter_035,0.538850113827594,powerplay,1
M0011,1,4,Batter_035,0.538850113827594,powerplay,1
M0011,1,4,Batter_010,0.491101526371036,powerplay,2
M0011,1,4,Batter_010,0.381739257523966,powerplay,2
M0011,1,5,Batter_035,0.58202044787349,powerplay,1
M0011,1,5,Batter_035,0.58202044787349,powerplay,1
M0011,1,5,Batter_035,0.626571410753448,powerplay,1
M0011,1,5,Batter_010,0.426297898291248,powerplay,2
M0011,1,5,Batter_035,0.626571410753448,powerplay,1
M0011,1,5,Batter_010,0.426297898291248,powerplay,2
M0011,1,6,Batter_035,0.619108694498772,middle,1
M0011,1,6,Batter_010,0.267718793760165,middle,2
M0011,1,6,Batter_035,0.619108694498772,middle,1
M0011,1,6,Batter_035,0.619108694498772,middle,1
M0011,1,6,Batter_035,0.734532824469435,middle,1
M0011,1,6,Batter_035,0.734532824469435,middle,1
M0011,1,7,Batter_010,0.228797982778988,middle,2
M0011,1,7,Batter_035,0.611387069668918,middle,1
M0011,1,7,Batter_035,0.781032592411612,middle,1
M0011,1,7,Batter_035,0.781032592411612,middle,1
M0011,1,7,Batter_010,0.228797982778988,middle,2
M0011,1,7,Batter_010,0.365348736234139,middle,2
M0011,1,8,Batter_010,0.207573908180183,middle,2
M0011,1,8,Batter_010,0.207573908180183,middle,2
M0011,1,8,Batter_010,0.498751603688068,middle,2
M0011,1,8,Batter_035,0.490766031163178,middle,1
M0011,1,8,Batter_010,0.498751603688068,middle,2
M0011,1,8,Batter_010,0.207573908180183,middle,2
M0011,1,9,Batter_035,0.786290481043147,middle,1
M0011,1,9,Batter_035,0.786290481043147,middle,1
M0011,1,9,Batter_035,0.691896828482073,middle,1
M0011,1,9,Batter_035,0.786290481043147,middle,1
M0011,1,9,Batter_035,0.691896828482073,middle,1
M0011,1,9,Batter_035,0.786290481043147,middle,1
M0011,1,10,Batter_010,0.116793519239819,middle,2
M0011,1,10,Batter_035,0.839518866842415,middle,1
M0011,1,10,Batter_010,0.116793519239819,middle,2
M0011,1,10,Batter_010,0.116793519239819,middle,2
M0011,1,10,Batter_010,0.411755769654473,middle,2
M0011,1,10,Batter_010,0.116793519239819,middle,2
M0011,1,11,Batter_035,0.726372572721888,middle,1
M0011,1,11,Batter_010,0.112920576801311,middle,2
M0011,1,11,Batter_010,0.0670788753653405,middle,2
M0011,1,11,Batter_035,0.726372572721888,middle,1
M0011,1,11,Batter_035,0.726372572721888,middle,1
M0011,1,11,Batter_035,0.799722374317542,middle,1
M0011,1,12,Batter_035,0.802595098058647,middle,1
M0011,1,12,Batter_010,0.0921654579178631,middle,2
M0011,1,12,Batter_010,0.0476540272260268,middle,2
M0011,1,12,Batter_016,0.347301932905338,middle,3
M0011,1,12,Batter_016,0.422461053065689,middle,3
M0011,1,12,Batter_016,0.422461053065689,middle,3
M0011,1,13,Batter_016,0.227823549485289,middle,3
M0011,1,13,Batter_035,0.821709472298999,middle,1
M0011,1,13,Batter_035,0.769892912510089,middle,1
M0011,1,13,Batter_035,0.821709472298999,middle,1
M0011,1,13,Batter_016,0.337350065793832,middle,3
M0011,1,13,Batter_035,0.769892912510089,middle,1
M0011,1,14,Batter_035,0.803173333824094,middle,1
M0011,1,14,Batter_035,0.760583596454772,middle,1
M0011,1,14,Batter_035,0.803173333824094,middle,1
M0011,1,14,Batter_016,0.42871301300297,middle,3
M0011,1,14,Batter_016,0.351147365251639,middle,3
M0011,1,14,Batter_035,0.760583596454772,middle,1
M0011,1,15,Batter_016,0.766400777412216,death,3
M0011,1,15,Batter_016,0.6351166384333,death,3
M0011,1,15,Batter_016,0.766400777412216,death,3
M0011,1,15,Batter_016,0.6351166384333,death,3
M0011,1,15,Batter_016,0.6351166384333,death,3
M0011,1,15,Batter_035,0.477919182311276,death,1
M0011,1,16,Batter_016,0.811875890503413,death,3
M0011,1,16,Batter_035,0.559172912508035,death,1
M0011,1,16,Batter_035,0.559172912508035,death,1
M0011,1,16,Batter_035,0.559172912508035,death,1
M0011,1,16,Batter_016,0.811875890503413,death,3
M0011,1,16,Batter_016,0.811875890503413,death,3
M0011,1,17,Batter_035,0.626190078661869,death,1
M0011,1,17,Batter_016,0.58814853143321,death,3
M0011,1,17,Batter_016,0.58814853143321,death,3
M0011,1,17,Batter_016,0.58814853143321,death,3
M0011,1,17,Batter_016,0.58814853143321,death,3
M0011,1,17,Batter_016,0.726065026758293,death,3
M0011,1,18,Batter_016,0.638493750555035,death,3
M0011,1,18,Batter_016,0.727833762629013,death,3
M0011,1,18,Batter_035,0.662290106730767,death,1
M0011,1,18,Batter_035,0.662290106730767,death,1
M0011,1,18,Batter_016,0.638493750555035,death,3
M0011,1,18,Batter_016,0.727833762629013,death,3
M0011,1,19,Batter_016,0.685762549277905,death,3
M0011,1,19,Batter_035,0.574282196723338,death,1
M0011,1,19,Batter_016,0.685762549277905,death,3
M0011,1,19,Batter_035,0.628230073067299,death,1
M0011,1,19,Batter_016,0.575757486235319,death,3
M0011,1,19,Batter_016,0.685762549277905,death,3
M0011,2,0,Batter_002,0.272779100496359,powerplay,1
M0011,2,0,Batter_047,0.396472343382868,powerplay,2
M0011,2,0,Batter_047,0.349158765784779,powerplay,2
M0011,2,0,Batter_002,0.272779100496359,powerplay,1
M0011,2,0,Batter_002,0.272779100496359,powerplay,1
M0011,2,0,Batter_002,0.272779100496359,powerplay,1
M0011,2,1,Batter_002,0.210361941729345,powerplay,1
M0011,2,1,Batter_002,0.210361941729345,powerplay,1
M0011,2,1,Batter_002,0.210361941729345,powerplay,1
M0011,2,1,Batter_047,0.221328171451139,powerplay,2
M0011,2,1,Batter_002,0.313954518852648,powerplay,1
M0011,2,1,Batter_002,0.210361941729345,powerplay,1
M0011,2,2,Batter_002,0.315580229850328,powerplay,1
M0011,2,2,Batter_047,0.332603584494192,powerplay,2
M0011,2,2,Batter_047,0.332603584494192,powerplay,2
M0011,2,2,Batter_002,0.315580229850328,powerplay,1
M0011,2,2,Batter_047,0.332603584494192,powerplay,2
M0011,2,2,Batter_002,0.275610010078031,powerplay,1
M0011,2,3,Batter_047,0.300795449840347,powerplay,2
M0011,2,3,Batter_047,0.300795449840347,powerplay,2
M0011,2,3,Batter_047,0.323385357544377,powerplay,2
M0011,2,3,Batter_047,0.323385357544377,powerplay,2
M0011,2,3,Batter_047,0.323385357544377,powerplay,2
M0011,2,3,Batter_002,0.276611739047462,powerplay,1
M0011,2,4,Batter_047,0.156257501512542,powerplay,2
M0011,2,4,Batter_002,0.25655463174861,powerplay,1
M0011,2,4,Batter_002,0.30651862089998,powerplay,1
M0011,2,4,Batter_002,0.30651862089998,powerplay,1
M0011,2,4,Batter_002,0.30651862089998,powerplay,1
M0011,2,4,Batter_047,0.25073568579397,powerplay,2
M0011,2,5,Batter_002,0.303003180466116,powerplay,1
M0011,2,5,Batter_047,0.136141717337784,powerplay,2
M0011,2,5,Batter_047,0.237845287502813,powerplay,2
M0011,2,5,Batter_047,0.237845287502813,powerplay,2
M0011,2,5,Batter_047,0.136141717337784,powerplay,2
M0011,2,5,Batter_002,0.303003180466116,powerplay,1
M0011,2,6,Batter_047,0.109479220560469,middle,2
M0011,2,6,Batter_047,0.307435015436407,middle,2
M0011,2,6,Batter_047,0.109479220560469,middle,2
M0011,2,6,Batter_002,0.411732381605431,middle,1
M0011,2,6,Batter_047,0.109479220560469,middle,2
M0011,2,6,Batter_002,0.411732381605431,middle,1
M0011,2,7,Batter_047,0.298158271915717,middle,2
M0011,2,7,Batter_047,0.160115127828458,middle,2
M0011,2,7,Batter_047,0.160115127828458,middle,2
M0011,2,7,Batter_047,0.160115127828458,middle,2
M0011,2,7,Batter_047,0.160115127828458,middle,2
M0011,2,7,Batter_002,0.528410600115808,middle,1
M0011,2,8,Batter_002,0.461339136693978,middle,1
M0011,2,8,Batter_047,0.0952654877302518,middle,2
M0011,2,8,Batter_047,0.0952654877302518,middle,2
M0011,2,8,Batter_002,0.461339136693978,middle,1
M0011,2,8,Batter_002,0.461339136693978,middle,1
M0011,2,8,Batter_002,0.448258810027448,middle,1
M0011,2,9,Batter_002,0.563195129475941,middle,1
M0011,2,9,Batter_002,0.563195129475941,middle,1
M0011,2,9,Batter_047,0.105103556506434,middle,2
M0011,2,9,Batter_047,0.105103556506434,middle,2
M0011,2,9,Batter_002,0.563195129475941,middle,1
M0011,2,9,Batter_002,0.533378841567367,middle,1
M0011,2,10,Batter_002,0.449177426124428,middle,1
M0011,2,10,Batter_047,0.176124462229715,middle,2
M0011,2,10,Batter_047,0.0821027268066562,middle,2
M0011,2,10,Batter_002,0.449177426124428,middle,1
M0011,2,10,Batter_002,0.472836916884653,middle,1
M0011,2,10,Batter_047,0.0821027268066562,middle,2
M0011,2,11,Batter_047,0.149299395623979,middle,2
M0011,2,11,Batter_002,0.480126491749016,middle,1
M0011,2,11,Batter_002,0.441790473750725,middle,1
M0011,2,11,Batter_002,0.441790473750725,middle,1
M0011,2,11,Batter_002,0.480126491749016,middle,1
M0011,2,11,Batter_047,0.149299395623979,middle,2
M0011,2,12,Batter_047,0.095721613424724,middle,2
M0011,2,12,Batter_047,0.084507327662426,middle,2
M0011,2,12,Batter_048,0.278896642106473,middle,3
M0011,2,12,Batter_048,0.226635153582209,middle,3
M0011,2,12,Batter_002,0.547757256117675,middle,1
M0011,2,12,Batter_048,0.278896642106473,middle,3
M0011,2,13,Batter_002,0.424778288087185,middle,1
M0011,2,13,Batter_002,0.424778288087185,middle,1
M0011,2,13,Batter_002,0.424778288087185,middle,1
M0011,2,13,Batter_002,0.485239315851729,middle,1
M0011,2,13,Batter_048,0.3792407463798,middle,3
M0011,2,13,Batter_002,0.424778288087185,middle,1
M0011,2,14,Batter_048,0.353640599414529,middle,3
M0011,2,14,Batter_048,0.353640599414529,middle,3
M0011,2,14,Batter_002,0.415313985097936,middle,1
M0011,2,14,Batter_048,0.402222568574222,middle,3
M0011,2,14,Batter_002,0.48370739205682,middle,1
M0011,2,14,Batter_048,0.353640599414529,middle,3
M0011,2,15,Batter_048,0.370425506166831,death,3
M0011,2,15,Batter_048,0.370425506166831,death,3
M0011,2,15,Batter_002,0.498882705877719,death,1
M0011,2,15,Batter_002,0.285859249247782,death,1
M0011,2,15,Batter_002,0.285859249247782,death,1
M0011,2,15,Batter_048,0.45121483453298,death,3
M0011,2,16,Batter_002,0.49133782931821,death,1
M0011,2,16,Batter_002,0.277962822199133,death,1
M0011,2,16,Batter_048,0.388228719259641,death,3
M0011,2,16,Batter_015,0.0014541558926943,death,4
M0011,2,16,Batter_015,0.0014541558926943,death,4
M0012,1,0,Batter_028,0.000419717119169949,powerplay,1
M0012,1,0,Batter_028,0.000419717119169949,powerplay,1
M0012,1,0,Batter_017,0.0154349237131945,powerplay,2
M0012,1,0,Batter_017,0.0154349237131945,powerplay,2
M0012,1,0,Batter_028,0.000419717119169949,powerplay,1
M0012,1,0,Batter_017,0.0154349237131945,powerplay,2
M0012,1,1,Batter_017,0.56183763438676,powerplay,2
M0012,1,1,Batter_017,0.33263021039049,powerplay,2
M0012,1,1,Batter_017,0.33263021039049,powerplay,2
M0012,1,1,Batter_017,0.56183763438676,powerplay,2
M0012,1,1,Batter_017,0.33263021039049,powerplay,2
M0012,1,1,Batter_017,0.33263021039049,powerplay,2
M0012,1,2,Batter_028,0.000337657468553768,powerplay,1
M0012,1,2,Batter_004,0.0711720799791948,powerplay,3
M0012,1,2,Batter_017,0.326404470285059,powerplay,2
M0012,1,2,Batter_038,0.000495771795358253,powerplay,4
M0012,1,2,Batter_004,0.0968974352029984,powerplay,3
M0012,1,2,Batter_038,0.000495771795358253,powerplay,4
M0012,1,3,Batter_004,0.227380346618904,powerplay,3
M0012,1,3,Batter_004,0.227380346618904,powerplay,3
M0012,1,3,Batter_004,0.178253668724504,powerplay,3
M0012,2,1,Batter_006,0.511074437896205,powerplay,3
M0012,2,1,Batter_006,0.511074437896205,powerplay,3
M0012,2,1,Batter_006,0.511074437896205,powerplay,3
M0012,2,2,Batter_006,0.706808413427245,powerplay,3
M0012,2,2,Batter_006,0.537673432934612,powerplay,3
M0012,2,3,Batter_006,1.09095059062782e-11,powerplay,3
M0012,2,3,Batter_006,1.09095059062782e-11,powerplay,3
M0012,2,3,Batter_006,1.09095059062782e-11,powerplay,3
M0012,2,4,Batter_006,0.746416405171813,powerplay,3
M0012,2,4,Batter_006,0.746416405171813,powerplay,3
M0012,2,4,Batter_006,0.728632389259148,powerplay,3
M0012,2,5,Batter_006,0.60952571744614,powerplay,3
M0013,1,0,Batter_040,0.0519563364000436,powerplay,1
M0013,1,0,Batter_040,0.233809829802565,powerplay,1
M0013,1,0,Batter_040,0.0519563364000436,powerplay,1
M0013,1,0,Batter_040,0.0519563364000436,powerplay,1
M0013,1,0,Batter_040,0.0519563364000436,powerplay,1
M0013,1,0,Batter_007,0.0572921838862964,powerplay,2
M0013,1,1,Batter_040,0.0366616414725421,powerplay,1
M0013,1,1,Batter_040,0.0366616414725421,powerplay,1
M0013,1,1,Batter_007,0.0222753804122797,powerplay,2
M0013,1,1,Batter_007,0.0222753804122797,powerplay,2
M0013,1,1,Batter_040,0.0862990960365173,powerplay,1
M0013,1,1,Batter_007,0.0222753804122797,powerplay,2
M0013,1,2,Batter_040,0.0258232129919785,powerplay,1
M0013,1,2,Batter_040,0.0258232129919785,powerplay,1
M0013,1,2,Batter_007,0.0640473218797854,powerplay,2
M0013,1,2,Batter_007,0.076037446605956,powerplay,2
M0013,1,2,Batter_040,0.0638114194854964,powerplay,1
M0013,1,2,Batter_009,0.00613534334436849,powerplay,3
M0013,1,3,Batter_007,0.0763082040162292,powerplay,2
M0013,1,3,Batter_007,0.0763082040162292,powerplay,2
M0013,1,3,Batter_007,0.0763082040162292,powerplay,2
M0013,1,3,Batter_007,0.0685116889163998,powerplay,2
M0013,1,3,Batter_007,0.0763082040162292,powerplay,2
M0013,1,3,Batter_009,0.00421649308137527,powerplay,3
M0013,1,4,Batter_007,0.159945667044585,powerplay,2
M0013,1,4,Batter_009,0.00221482088167128,powerplay,3
M0013,1,4,Batter_007,0.0747149828402974,powerplay,2
M0013,1,4,Batter_007,0.159945667044585,powerplay,2
M0013,1,4,Batter_009,0.00227179819217642,powerplay,3
M0013,2,0,Batter_012,0.179934728711963,powerplay,3
M0013,2,0,Batter_012,0.179934728711963,powerplay,3
M0013,2,0,Batter_012,0.179934728711963,powerplay,3
M0013,2,1,Batter_027,0.42233926588933,powerplay,2
M0013,2,1,Batter_027,0.42233926588933,powerplay,2
M0013,2,1,Batter_027,0.0895262213678042,powerplay,2
M0013,2,1,Batter_012,0.186090551287181,powerplay,3
M0013,2,1,Batter_012,0.520581425529457,powerplay,3
M0013,2,1,Batter_012,0.520581425529457,powerplay,3
M0013,2,2,Batter_012,0.192127943821637,powerplay,3
M0013,2,2,Batter_012,0.192127943821637,powerplay,3
M0013,2,2,Batter_046,0.000222172174620171,powerplay,4
M0013,2,2,Batter_027,0.394201576225188,powerplay,2
M0013,2,2,Batter_027,0.0943977674635416,powerplay,2
M0013,2,2,Batter_027,0.0943977674635416,powerplay,2
M0013,2,3,Batter_046,1.27421768638958e-06,powerplay,4
M0013,2,3,Batter_046,1.27421768638958e-06,powerplay,4
M0013,2,3,Batter_027,0.000518527635468617,powerplay,2
M0013,2,3,Batter_027,0.000518527635468617,powerplay,2
M0013,2,3,Batter_027,0.000518527635468617,powerplay,2
M0014,1,0,Batter_038,0.431562431809085,powerplay,1
M0014,1,0,Batter_038,0.334307175873008,powerplay,1
M0014,1,0,Batter_038,0.334307175873008,powerplay,1
M0014,1,0,Batter_038,0.334307175873008,powerplay,1
M0014,1,0,Batter_038,0.431562431809085,powerplay,1
M0014,1,0,Batter_004,0.0380118552340576,powerplay,2
M0014,1,1,Batter_038,0.335118109002447,powerplay,1
M0014,1,1,Batter_038,0.335118109002447,powerplay,1
M0014,1,1,Batter_038,0.424382899835844,powerplay,1
M0014,1,1,Batter_028,0.0169679485774169,powerplay,3
M0014,1,1,Batter_004,0.0428932781951639,powerplay,2
M0014,1,1,Batter_004,0.110219760634076,powerplay,2
M0014,1,2,Batter_004,0.0341626477720107,powerplay,2
M0014,1,2,Batter_004,0.0306851961570373,powerplay,2
M0014,1,2,Batter_017,0.127700618307045,powerplay,4
M0014,1,2,Batter_028,0.531651863088337,powerplay,3
M0014,1,2,Batter_028,0.428122650764538,powerplay,3
M0014,1,2,Batter_028,0.428122650764538,powerplay,3
M0014,1,3,Batter_028,0.4299876114129,powerplay,3
M0014,1,3,Batter_028,0.4299876114129,powerplay,3
M0014,1,3,Batter_028,0.4299876114129,powerplay,3
M0014,1,3,Batter_028,0.553831288825665,powerplay,3
M0014,1,3,Batter_017,0.0242081985994331,powerplay,4
M0014,1,3,Batter_017,0.0242081985994331,powerplay,4
M0014,1,4,Batter_028,0.659097384540053,powerplay,3
M0014,1,4,Batter_028,0.586691840248034,powerplay,3
M0014,1,4,Batter_028,0.586691840248034,powerplay,3
M0014,2,0,Batter_033,0.00317009924253581,powerplay,1
M0014,2,0,Batter_030,0.339534403925422,powerplay,2
M0014,2,0,Batter_030,0.339534403925422,powerplay,2
M0014,2,0,Batter_030,0.425047067081052,powerplay,2
M0014,2,0,Batter_030,0.339534403925422,powerplay,2
M0014,2,0,Batter_030,0.425047067081052,powerplay,2
M0014,2,1,Batter_033,0.0993988131513042,powerplay,1
M0014,2,1,Batter_033,0.0993988131513042,powerplay,1
M0014,2,1,Batter_033,0.101542569487539,powerplay,1
M0014,2,1,Batter_033,0.101542569487539,powerplay,1
M0014,2,1,Batter_025,0.231135548591842,powerplay,3
M0014,2,1,Batter_025,0.0747230196973063,powerplay,3
M0014,2,2,Batter_030,0.13489009743752,powerplay,2
M0014,2,2,Batter_030,0.0714319950563369,powerplay,2
M0014,2,2,Batter_025,0.0683258396938379,powerplay,3
M0014,2,2,Batter_025,0.235878922128665,powerplay,3
M0014,2,2,Batter_030,0.13489009743752,powerplay,2
M0014,2,2,Batter_030,0.0714319950563369,powerplay,2
M0014,2,3,Batter_030,0.42768404073321,powerplay,2
M0014,2,3,Batter_025,0.183314137035608,powerplay,3
M0014,2,3,Batter_025,0.0396319200791643,powerplay,3
M0014,2,3,Batter_030,0.42768404073321,powerplay,2
M0014,2,3,Batter_030,0.42768404073321,powerplay,2
M0014,2,3,Batter_025,0.0396319200791643,powerplay,3
M0014,2,4,Batter_030,0.336695157440295,powerplay,2
M0014,2,4,Batter_030,0.336695157440295,powerplay,2
M0014,2,4,Batter_030,0.42588094003729,powerplay,2
M0014,2,4,Batter_030,0.42588094003729,powerplay,2
M0014,2,4,Batter_025,0.0400428847811577,powerplay,3
M0014,2,4,Batter_025,0.0400428847811577,powerplay,3
M0014,2,5,Batter_030,0.0631518740853835,powerplay,2
M0014,2,5,Batter_030,0.0631518740853835,powerplay,2
M0014,2,5,Batter_025,0.0509627725356603,powerplay,3
M0014,2,5,Batter_025,0.0509627725356603,powerplay,3
M0014,2,5,Batter_025,0.0509627725356603,powerplay,3
M0014,2,5,Batter_025,0.0509627725356603,powerplay,3
M0015,1,0,Batter_007,0.451031429560086,powerplay,1
M0015,1,0,Batter_009,0.175575104133773,powerplay,2
M0015,1,0,Batter_007,0.451031429560086,powerplay,1
M0015,1,0,Batter_007,0.558137552200503,powerplay,1
M0015,1,0,Batter_007,0.558137552200503,powerplay,1
M0015,1,0,Batter_007,0.451031429560086,powerplay,1
M0015,1,1,Batter_007,0.285405662495466,powerplay,1
M0015,1,1,Batter_007,0.285405662495466,powerplay,1
M0015,1,1,Batter_007,0.285405662495466,powerplay,1
M0015,1,1,Batter_009,0.232379881084569,powerplay,2
M0015,1,1,Batter_007,0.520802089616769,powerplay,1
M0015,1,1,Batter_009,0.232379881084569,powerplay,2
M0015,1,2,Batter_007,0.283909934277012,powerplay,1
M0015,1,2,Batter_007,0.525732456786794,powerplay,1
M0015,1,2,Batter_007,0.283909934277012,powerplay,1
M0015,1,2,Batter_007,0.525732456786794,powerplay,1
M0015,1,2,Batter_007,0.283909934277012,powerplay,1
M0015,1,2,Batter_009,0.230999871435012,powerplay,2
M0015,1,3,Batter_009,0.503467808836222,powerplay,2
M0015,1,3,Batter_009,0.503467808836222,powerplay,2
M0015,1,3,Batter_007,0.282129941611191,powerplay,1
M0015,1,3,Batter_009,0.503467808836222,powerplay,2
M0015,1,3,Batter_009,0.503467808836222,powerplay,2
M0015,1,3,Batter_009,0.22947530802774,powerplay,2
M0015,1,4,Batter_007,0.534565745112193,powerplay,1
M0015,1,4,Batter_007,0.280075509282083,powerplay,1
M0015,1,4,Batter_007,0.280075509282083,powerplay,1
M0015,1,4,Batter_009,0.227836055159345,powerplay,2
M0015,1,4,Batter_009,0.227836055159345,powerplay,2
M0015,1,4,Batter_009,0.507532122098567,powerplay,2
M0015,1,5,Batter_007,0.559648294031833,powerplay,1
M0015,1,5,Batter_007,0.559648294031833,powerplay,1
M0015,1,5,Batter_007,0.478397403764097,powerplay,1
M0015,1,5,Batter_007,0.559648294031833,powerplay,1
M0015,1,5,Batter_009,0.185731687015522,powerplay,2
M0015,1,5,Batter_009,0.185731687015522,powerplay,2
M0015,1,6,Batter_007,0.474717608728886,middle,1
M0015,1,6,Batter_007,0.474717608728886,middle,1
M0015,1,6,Batter_009,0.283331148662176,middle,2
M0015,1,6,Batter_009,0.415256195499991,middle,2
M0015,1,6,Batter_009,0.283331148662176,middle,2
M0015,1,6,Batter_009,0.415256195499991,middle,2
M0015,1,7,Batter_007,0.240330580905048,middle,1
M0015,1,7,Batter_007,0.16302118085822,middle,1
M0015,1,7,Batter_007,0.240330580905048,middle,1
M0015,1,7,Batter_009,0.597229190612381,middle,2
M0015,1,7,Batter_009,0.682196250622784,middle,2
M0015,1,7,Batter_009,0.597229190612381,middle,2
M0015,1,8,Batter_009,0.41041811222296,middle,2
M0015,1,8,Batter_009,0.41041811222296,middle,2
M0015,1,8,Batter_007,0.340452301870306,middle,1
M0015,1,8,Batter_009,0.287307974285845,middle,2
M0015,1,8,Batter_007,0.340452301870306,middle,1
M0015,1,8,Batter_007,0.340452301870306,middle,1
M0015,1,9,Batter_009,0.590954227205197,middle,2
M0015,1,9,Batter_009,0.688842431505787,middle,2
M0015,1,9,Batter_009,0.688842431505787,middle,2
M0015,1,9,Batter_009,0.590954227205197,middle,2
M0015,1,9,Batter_007,0.158683619079591,middle,1
M0015,1,9,Batter_007,0.158683619079591,middle,1
M0015,1,10,Batter_009,0.587417301493392,middle,2
M0015,1,10,Batter_009,0.587417301493392,middle,2
M0015,1,10,Batter_009,0.587417301493392,middle,2
M0015,1,10,Batter_009,0.691495483986798,middle,2
M0015,1,10,Batter_007,0.156355664562812,middle,1
M0015,1,10,Batter_009,0.691495483986798,middle,2
M0015,1,11,Batter_009,0.693700627459654,middle,2
M0015,1,11,Batter_009,0.693700627459654,middle,2
M0015,1,11,Batter_009,0.693700627459654,middle,2
M0015,1,11,Batter_040,0.000132043893524584,middle,3
M0015,2,0,Batter_025,0.54558608069865,powerplay,1
M0015,2,0,Batter_033,0.200979111788046,powerplay,2
M0015,2,0,Batter_033,0.305242330525608,powerplay,2
M0015,2,0,Batter_025,0.54558608069865,powerplay,1
M0015,2,0,Batter_025,0.508315664584776,powerplay,1
M0015,2,0,Batter_033,0.200979111788046,powerplay,2
M0015,2,1,Batter_033,0.38728718068832,powerplay,2
M0015,2,1,Batter_033,0.38728718068832,powerplay,2
M0015,2,1,Batter_033,0.516260009102205,powerplay,2
M0015,2,1,Batter_033,0.38728718068832,powerplay,2
M0015,2,1,Batter_033,0.516260009102205,powerplay,2
M0015,2,1,Batter_025,0.272506477710996,powerplay,1
M0015,2,2,Batter_025,0.534269789864605,powerplay,1
M0015,2,2,Batter_033,0.279164718123879,powerplay,2
M0015,2,2,Batter_033,0.210663957901009,powerplay,2
M0015,2,2,Batter_033,0.210663957901009,powerplay,2
M0015,2,2,Batter_025,0.534269789864605,powerplay,1
M0015,2,2,Batter_025,0.528454996439165,powerplay,1
M0015,2,3,Batter_025,0.346053619571228,powerplay,1
M0015,2,3,Batter_033,0.359874902673152,powerplay,2
M0015,2,3,Batter_033,0.359874902673152,powerplay,2
M0015,2,3,Batter_033,0.551307639049128,powerplay,2
M0015,2,3,Batter_025,0.349510482805207,powerplay,1
M0015,2,3,Batter_025,0.349510482805207,powerplay,1
M0015,2,4,Batter_033,0.221735051361879,powerplay,2
M0015,2,4,Batter_025,0.548606440369367,powerplay,1
M0015,2,4,Batter_025,0.518458770897299,powerplay,1
M0015,2,4,Batter_025,0.548606440369367,powerplay,1
M0015,2,4,Batter_033,0.252359718906313,powerplay,2
M0015,2,4,Batter_025,0.548606440369367,powerplay,1
M0015,2,5,Batter_033,0.567411157303593,powerplay,2
M0015,2,5,Batter_025,0.222186250524623,powerplay,1
M0015,2,5,Batter_025,0.222186250524623,powerplay,1
M0015,2,5,Batter_025,0.222186250524623,powerplay,1
M0015,2,5,Batter_025,0.416584089314589,powerplay,1
M0015,2,5,Batter_025,0.416584089314589,powerplay,1
M0015,2,6,Batter_033,0.758458878886152,middle,2
M0015,2,6,Batter_033,0.524210826652881,middle,2
M0015,2,6,Batter_033,0.758458878886152,middle,2
M0015,2,6,Batter_033,0.524210826652881,middle,2
M0015,2,6,Batter_033,0.524210826652881,middle,2
M0015,2,6,Batter_025,0.0960975004504826,middle,1
M0015,2,7,Batter_025,0.214349087388557,middle,1
M0015,2,7,Batter_025,0.214349087388557,middle,1
M0015,2,7,Batter_030,0.448688528768681,middle,3
M0015,2,7,Batter_030,0.448688528768681,middle,3
M0015,2,7,Batter_030,0.283189552308212,middle,3
M0015,2,7,Batter_033,0.444350320565334,middle,2
M0015,2,8,Batter_030,0.563795367386704,middle,3
M0015,2,8,Batter_033,0.747294771493809,middle,2
M0015,2,8,Batter_030,0.194970487088298,middle,3
M0015,2,8,Batter_030,0.194970487088298,middle,3
M0015,2,8,Batter_030,0.563795367386704,middle,3
M0015,2,8,Batter_030,0.194970487088298,middle,3
M0015,2,9,Batter_033,0.540891723140086,middle,2
M0015,2,9,Batter_033,0.540891723140086,middle,2
M0015,2,9,Batter_030,0.197732137444506,middle,3
M0015,2,9,Batter_033,0.540891723140086,middle,2
M0015,2,9,Batter_033,0.740560668659489,middle,2
M0015,2,9,Batter_033,0.540891723140086,middle,2
M0015,2,10,Batter_033,0.551416550064736,middle,2
M0015,2,10,Batter_033,0.551416550064736,middle,2
M0015,2,10,Batter_033,0.551416550064736,middle,2
M0015,2,10,Batter_033,0.551416550064736,middle,2
M0015,2,10,Batter_030,0.353028962978067,middle,3
M0015,2,10,Batter_033,0.551416550064736,middle,2
M0015,2,11,Batter_033,0.70570942422062,middle,2
M0015,2,11,Batter_030,0.353340217203715,middle,3
M0015,2,11,Batter_030,0.519207156542936,middle,3
M0015,2,11,Batter_030,0.353340217203715,middle,3
M0015,2,11,Batter_033,0.70570942422062,middle,2
M0015,2,11,Batter_033,0.538103005383861,middle,2
M0015,2,12,Batter_033,0.710937307737755,middle,2
M0015,2,12,Batter_030,0.527410656292311,middle,3
M0015,2,12,Batter_030,0.352806688797017,middle,3
M0015,2,12,Batter_030,0.527410656292311,middle,3
M0016,2,0,Batter_020,0.95379581203593,powerplay,2
M0016,2,0,Batter_020,0.940474403373244,powerplay,2
M0016,2,1,Batter_020,0.95540471891772,powerplay,2
M0016,2,1,Batter_013,2.32430077642086e-10,powerplay,3
M0016,2,1,Batter_013,2.32430077642086e-10,powerplay,3
M0016,2,1,Batter_020,0.95540471891772,powerplay,2
M0016,2,1,Batter_020,0.95540471891772,powerplay,2
M0016,2,1,Batter_020,0.911936674158947,powerplay,2
M0016,2,2,Batter_013,0.949948638807731,powerplay,3
M0016,2,2,Batter_013,0.949948638807731,powerplay,3
M0016,2,2,Batter_013,0.949948638807731,powerplay,3
M0016,2,4,Batter_013,0.951742378048548,powerplay,3
M0016,2,4,Batter_013,0.951742378048548,powerplay,3
M0016,2,4,Batter_013,0.947649945836616,powerplay,3
M0017,1,0,Batter_009,0.538499299875335,powerplay,1
M0017,1,0,Batter_009,0.624399615393312,powerplay,1
M0017,1,0,Batter_009,0.538499299875335,powerplay,1
M0017,1,0,Batter_009,0.538499299875335,powerplay,1
M0017,1,0,Batter_009,0.538499299875335,powerplay,1
M0017,1,0,Batter_009,0.624399615393312,powerplay,1
M0017,1,1,Batter_009,0.470218449742454,powerplay,1
M0017,1,1,Batter_040,0.00898221628550639,powerplay,2
M0017,1,1,Batter_007,0.613518179677967,powerplay,3
M0017,1,1,Batter_009,0.456500493490392,powerplay,1
M0017,1,1,Batter_007,0.774675122931906,powerplay,3
M0017,1,1,Batter_007,0.613518179677967,powerplay,3
M0017,1,2,Batter_009,0.643915978036311,powerplay,1
M0017,1,2,Batter_007,0.635111198832333,powerplay,3
M0017,1,2,Batter_007,0.441432056590859,powerplay,3
M0017,1,2,Batter_009,0.643915978036311,powerplay,1
M0017,1,2,Batter_007,0.635111198832333,powerplay,3
M0017,1,2,Batter_007,0.441432056590859,powerplay,3
M0017,1,3,Batter_009,0.454302751271115,powerplay,1
M0017,1,3,Batter_007,0.622267322833448,powerplay,3
M0017,1,3,Batter_007,0.622267322833448,powerplay,3
M0017,1,3,Batter_007,0.622267322833448,powerplay,3
M0017,1,3,Batter_007,0.784641675996033,powerplay,3
M0017,1,3,Batter_007,0.622267322833448,powerplay,3
M0017,1,4,Batter_009,0.485837390760344,powerplay,1
M0017,1,4,Batter_007,0.625484439814558,powerplay,3
M0017,1,4,Batter_009,0.45294735088047,powerplay,1
M0017,1,4,Batter_009,0.485837390760344,powerplay,1
M0017,1,4,Batter_007,0.625484439814558,powerplay,3
M0017,1,4,Batter_007,0.625484439814558,powerplay,3
M0017,1,5,Batter_007,0.542833632325979,powerplay,3
M0017,1,5,Batter_007,0.542833632325979,powerplay,3
M0017,1,5,Batter_009,0.559218855644946,powerplay,1
M0017,1,5,Batter_009,0.559218855644946,powerplay,1
M0017,1,5,Batter_007,0.619400214743065,powerplay,3
M0017,1,5,Batter_007,0.542833632325979,powerplay,3
M0017,1,6,Batter_007,0.500941243907406,middle,3
M0017,1,6,Batter_007,0.358109143043099,middle,3
M0017,1,6,Batter_009,0.628849498199847,middle,1
M0017,1,6,Batter_009,0.693982198987431,middle,1
M0017,1,6,Batter_009,0.628849498199847,middle,1
M0017,1,6,Batter_009,0.693982198987431,middle,1
M0017,1,7,Batter_009,0.604310868306518,middle,1
M0017,1,7,Batter_009,0.604310868306518,middle,1
M0017,1,7,Batter_009,0.711121433024943,middle,1
M0017,1,7,Batter_009,0.711121433024943,middle,1
M0017,1,7,Batter_007,0.458602786014032,middle,3
M0017,1,7,Batter_007,0.458602786014032,middle,3
M0017,1,8,Batter_009,0.624473956155734,middle,1
M0017,1,8,Batter_007,0.352543107763149,middle,3
M0017,1,8,Batter_007,0.514414160034072,middle,3
M0017,1,8,Batter_009,0.701344730488645,middle,1
M0017,1,8,Batter_007,0.514414160034072,middle,3
M0017,1,8,Batter_007,0.352543107763149,middle,3
M0017,1,9,Batter_009,0.621721940552641,middle,1
M0017,1,9,Batter_009,0.621721940552641,middle,1
M0017,1,9,Batter_009,0.70450285603636,middle,1
M0017,1,9,Batter_009,0.70450285603636,middle,1
M0017,1,9,Batter_009,0.70450285603636,middle,1
M0017,1,9,Batter_007,0.349462052997764,middle,3
M0017,1,10,Batter_009,0.612152699079451,middle,1
M0017,1,10,Batter_009,0.612152699079451,middle,1
M0017,1,10,Batter_009,0.701691502330862,middle,1
M0017,1,10,Batter_009,0.701691502330862,middle,1
M0017,1,10,Batter_009,0.612152699079451,middle,1
M0017,1,10,Batter_009,0.701691502330862,middle,1
M0017,1,11,Batter_007,0.690915796811103,middle,3
M0017,1,11,Batter_007,0.55111305849428,middle,3
M0017,1,11,Batter_009,0.566093448926442,middle,1
M0017,1,11,Batter_009,0.566093448926442,middle,1
M0017,1,11,Batter_009,0.538394688665408,middle,1
M0017,1,11,Batter_007,0.690915796811103,middle,3
M0017,1,12,Batter_007,0.548869151013227,middle,3
M0017,1,12,Batter_007,0.548869151013227,middle,3
M0017,1,12,Batter_009,0.568392830521941,middle,1
M0017,1,12,Batter_007,0.693530860222816,middle,3
M0017,1,12,Batter_007,0.548869151013227,middle,3
M0017,1,12,Batter_009,0.535848603988661,middle,1
M0017,1,13,Batter_009,0.713188990154647,middle,1
M0017,1,13,Batter_009,0.608076483376747,middle,1
M0017,1,13,Batter_009,0.608076483376747,middle,1
M0017,1,13,Batter_009,0.713188990154647,middle,1
M0017,1,13,Batter_009,0.713188990154647,middle,1
M0017,1,13,Batter_007,0.335379297943783,middle,3
M0017,1,14,Batter_009,0.618025148197313,middle,1
M0017,1,14,Batter_007,0.430407102078383,middle,3
M0017,1,14,Batter_007,0.481423069175581,middle,3
M0017,1,14,Batter_009,0.686235579884759,middle,1
M0017,1,14,Batter_009,0.618025148197313,middle,1
M0017,1,14,Batter_007,0.481423069175581,middle,3
M0017,1,15,Batter_009,0.607997566948764,death,1
M0017,1,15,Batter_009,0.607997566948764,death,1
M0017,1,15,Batter_009,0.579218281549891,death,1
M0017,1,15,Batter_007,0.431614837607044,death,3
M0017,1,15,Batter_007,0.658822132851199,death,3
M0017,1,15,Batter_007,0.431614837607044,death,3
M0017,1,16,Batter_009,0.575368061088111,death,1
M0017,1,16,Batter_007,0.425221833626652,death,3
M0017,1,16,Batter_007,0.425221833626652,death,3
M0017,1,16,Batter_007,0.661229647284871,death,3
M0017,1,16,Batter_007,0.425221833626652,death,3
M0017,1,16,Batter_007,0.425221833626652,death,3
M0017,1,17,Batter_007,0.325609138569579,death,3
M0017,1,17,Batter_007,0.325609138569579,death,3
M0017,1,17,Batter_007,0.325609138569579,death,3
M0017,1,17,Batter_007,0.325609138569579,death,3
M0017,1,17,Batter_009,0.503084294437903,death,1
M0017,1,17,Batter_009,0.715684568222124,death,1
M0017,1,18,Batter_009,0.499711672805158,death,1
M0017,1,18,Batter_009,0.499711672805158,death,1
M0017,1,18,Batter_009,0.716506782665636,death,1
M0017,1,18,Batter_009,0.499711672805158,death,1
M0017,1,18,Batter_009,0.499711672805158,death,1
M0017,1,18,Batter_009,0.716506782665636,death,1
M0017,1,19,Batter_007,0.814262778194931,death,3
M0017,1,19,Batter_007,0.542552948483149,death,3
M0017,1,19,Batter_009,0.426315627680006,death,1
M0017,1,19,Batter_007,0.814262778194931,death,3
M0017,1,19,Batter_007,0.814262778194931,death,3
M0017,2,1,Batter_046,0.0847766160883918,powerplay,2
M0017,2,1,Batter_046,0.49469618665761,powerplay,2
M0017,2,1,Batter_012,0.847477998172483,powerplay,3
M0017,2,1,Batter_012,0.834911217872219,powerplay,3
M0017,2,2,Batter_012,0.836631618438917,powerplay,3
M0017,2,2,Batter_012,0.845640238040661,powerplay,3
M0017,2,2,Batter_012,0.845640238040661,powerplay,3
M0017,2,2,Batter_012,0.845640238040661,powerplay,3
M0017,2,3,Batter_012,0.0645251985016921,powerplay,3
M0017,2,3,Batter_012,0.0645251985016921,powerplay,3
M0017,2,3,Batter_012,0.0645251985016921,powerplay,3
M0017,2,3,Batter_012,0.0645251985016921,powerplay,3
M0017,2,3,Batter_012,0.0645251985016921,powerplay,3
M0017,2,4,Batter_012,0.835577118953054,powerplay,3
M0017,2,4,Batter_012,0.837204591249139,powerplay,3
M0017,2,4,Batter_012,0.835577118953054,powerplay,3
M0017,2,4,Batter_012,0.835577118953054,powerplay,3
M0017,2,4,Batter_012,0.837204591249139,powerplay,3
M0017,2,5,Batter_012,0.165422245771827,powerplay,3
M0017,2,5,Batter_012,0.165422245771827,powerplay,3
M0017,2,5,Batter_012,0.903307328942499,powerplay,3
M0017,2,5,Batter_012,0.165422245771827,powerplay,3
M0017,2,5,Batter_012,0.165422245771827,powerplay,3
M0017,2,6,Batter_012,0.0531801856611728,middle,3
M0017,2,7,Batter_012,0.678122782156784,middle,3
M0017,2,7,Batter_012,0.678122782156784,middle,3
M0017,2,8,Batter_012,0.0494001222346924,middle,3
M0017,2,8,Batter_027,5.78600971551037e-05,middle,4
M0018,1,0,Batter_033,0.57598961649899,powerplay,1
M0018,1,0,Batter_033,0.514338899689656,powerplay,1
M0018,1,0,Batter_033,0.514338899689656,powerplay,1
M0018,1,0,Batter_033,0.57598961649899,powerplay,1
M0018,1,0,Batter_025,0.0471363609238665,powerplay,2
M0018,1,0,Batter_025,0.0962165777212361,powerplay,2
M0018,1,1,Batter_025,0.539800201873693,powerplay,2
M0018,1,1,Batter_025,0.566944022076991,powerplay,2
M0018,1,1,Batter_025,0.539800201873693,powerplay,2
M0018,1,1,Batter_025,0.566944022076991,powerplay,2
M0018,1,1,Batter_025,0.539800201873693,powerplay,2
M0018,1,1,Batter_025,0.539800201873693,powerplay,2
M0018,1,2,Batter_025,0.574072025684084,powerplay,2
M0018,1,2,Batter_025,0.574072025684084,powerplay,2
M0018,1,2,Batter_025,0.574072025684084,powerplay,2
M0018,1,2,Batter_025,0.574072025684084,powerplay,2
M0018,1,2,Batter_025,0.574072025684084,powerplay,2
M0018,1,3,Batter_033,0.00235415967514937,powerplay,1
M0018,1,4,Batter_033,0.499029585130786,powerplay,1
M0018,1,4,Batter_033,0.611490573906724,powerplay,1
M0018,1,4,Batter_033,0.611490573906724,powerplay,1
M0018,1,5,Batter_030,0.194538309469707,powerplay,4
M0018,1,5,Batter_030,0.194538309469707,powerplay,4
M0018,1,5,Batter_030,0.372255089619953,powerplay,4
M0018,1,5,Batter_030,0.372255089619953,powerplay,4
M0018,1,5,Batter_033,0.00200421904254953,powerplay,1
M0018,1,6,Batter_033,0.660771855328502,middle,1
M0018,1,6,Batter_030,0.168372896154545,middle,4
M0018,1,6,Batter_033,0.628540793277356,middle,1
M0018,1,6,Batter_033,0.628540793277356,middle,1
M0018,1,6,Batter_033,0.628540793277356,middle,1
M0018,1,6,Batter_030,0.168372896154545,middle,4
M0018,1,7,Batter_033,0.635647147265491,middle,1
M0018,1,7,Batter_030,0.00606772015700072,middle,4
M0018,1,7,Batter_030,0.00606772015700072,middle,4
M0018,1,7,Batter_033,0.651884288681119,middle,1
M0018,1,7,Batter_033,0.651884288681119,middle,1
M0018,1,7,Batter_030,0.00606772015700072,middle,4
M0018,1,8,Batter_033,0.632067390720645,middle,1
M0018,1,8,Batter_033,0.656505302405803,middle,1
M0018,1,8,Batter_033,0.656505302405803,middle,1
M0018,1,8,Batter_033,0.656505302405803,middle,1
M0018,1,8,Batter_033,0.656505302405803,middle,1
M0018,1,8,Batter_030,0.265955457549446,middle,4
M0018,1,9,Batter_033,0.620286184544035,middle,1
M0018,1,9,Batter_033,0.660982850629497,middle,1
M0018,1,9,Batter_033,0.660982850629497,middle,1
M0018,1,9,Batter_033,0.620286184544035,middle,1
M0018,1,9,Batter_033,0.620286184544035,middle,1
M0018,1,9,Batter_033,0.660982850629497,middle,1
M0018,2,0,Batter_034,0.380137498511209,powerplay,2
M0018,2,0,Batter_034,0.318421305033126,powerplay,2
M0018,2,0,Batter_034,0.380137498511209,powerplay,2
M0018,2,1,Batter_034,0.00172054169434184,powerplay,2
M0018,2,1,Batter_011,0.0488400681354053,powerplay,3
M0018,2,1,Batter_011,0.0488400681354053,powerplay,3
M0018,2,2,Batter_034,0.00138889970152668,powerplay,2
M0018,2,2,Batter_034,0.00138889970152668,powerplay,2
M0018,2,2,Batter_011,0.0513508092517094,powerplay,3
M0018,2,2,Batter_011,0.356753875923941,powerplay,3
M0018,2,2,Batter_011,0.0513508092517094,powerplay,3
M0018,2,2,Batter_011,0.356753875923941,powerplay,3
M0018,2,3,Batter_011,0.0511654625870007,powerplay,3
M0018,2,3,Batter_034,0.00109337704668753,powerplay,2
M0018,2,3,Batter_011,0.43829222280062,powerplay,3
M0018,2,3,Batter_011,0.0511654625870007,powerplay,3
M0018,2,3,Batter_011,0.0511654625870007,powerplay,3
M0018,2,3,Batter_034,0.00109337704668753,powerplay,2
M0018,2,4,Batter_034,0.261742393022649,powerplay,2
M0018,2,4,Batter_034,0.181966008679154,powerplay,2
M0018,2,4,Batter_011,0.0546364365859736,powerplay,3
M0018,2,4,Batter_011,0.0546364365859736,powerplay,3
M0018,2,4,Batter_034,0.181966008679154,powerplay,2
M0018,2,4,Batter_034,0.261742393022649,powerplay,2
M0018,2,5,Batter_011,0.0554830714209829,powerplay,3
M0018,2,5,Batter_005,0.555928040184008,powerplay,4
M0018,2,5,Batter_005,0.555928040184008,powerplay,4
M0018,2,5,Batter_005,0.705115027266086,powerplay,4
M0018,2,5,Batter_011,0.0554830714209829,powerplay,3
M0018,2,5,Batter_005,0.555928040184008,powerplay,4
M0018,2,6,Batter_005,0.670824812092766,middle,4
M0018,2,6,Batter_011,0.128028502656558,middle,3
M0018,2,6,Batter_011,0.128028502656558,middle,3
M0018,2,6,Batter_005,0.662189134571969,middle,4
M0018,2,6,Batter_005,0.662189134571969,middle,4
M0018,2,6,Batter_005,0.670824812092766,middle,4
M0018,2,7,Batter_011,0.259534866204189,middle,3
M0018,2,7,Batter_011,0.366828083303583,middle,3
M0018,2,7,Batter_011,0.366828083303583,middle,3
M0018,2,7,Batter_011,0.259534866204189,middle,3
M0018,2,7,Batter_005,0.00206755654651632,middle,4
M0018,2,7,Batter_005,0.00206755654651632,middle,4
M0018,2,8,Batter_011,0.252415501767162,middle,3
M0019,1,0,Batter_016,0.176109399362173,powerplay,1
M0019,1,0,Batter_016,0.499021698186929,powerplay,1
M0019,1,0,Batter_016,0.176109399362173,powerplay,1
M0019,1,0,Batter_016,0.176109399362173,powerplay,1
M0019,1,0,Batter_010,0.380597260895001,powerplay,2
M0019,1,0,Batter_010,0.380597260895001,powerplay,2
M0019,1,1,Batter_016,0.257049696904466,powerplay,1
M0019,1,1,Batter_016,0.362144011117704,powerplay,1
M0019,1,1,Batter_016,0.257049696904466,powerplay,1
M0019,1,1,Batter_016,0.362144011117704,powerplay,1
M0019,1,1,Batter_010,0.0110509338552012,powerplay,2
M0019,1,1,Batter_016,0.362144011117704,powerplay,1
M0019,1,2,Batter_010,0.505241300624542,powerplay,2
M0019,1,2,Batter_010,0.287417030952926,powerplay,2
M0019,1,2,Batter_010,0.505241300624542,powerplay,2
M0019,1,2,Batter_016,0.282241069513776,powerplay,1
M0019,1,2,Batter_016,0.282241069513776,powerplay,1
M0019,1,2,Batter_016,0.282241069513776,powerplay,1
M0019,1,3,Batter_010,0.29389472245625,powerplay,2
M0019,1,3,Batter_010,0.596182561758351,powerplay,2
M0019,1,3,Batter_010,0.29389472245625,powerplay,2
M0019,1,3,Batter_010,0.596182561758351,powerplay,2
M0019,1,3,Batter_016,0.250775768500819,powerplay,1
M0019,1,3,Batter_016,0.250775768500819,powerplay,1
M0019,1,4,Batter_010,0.00381936979879269,powerplay,2
M0019,1,4,Batter_016,0.266682430910414,powerplay,1
M0019,1,4,Batter_016,0.266682430910414,powerplay,1
M0019,1,4,Batter_016,0.344821251153922,powerplay,1
M0019,1,4,Batter_010,0.00381936979879269,powerplay,2
M0019,1,4,Batter_016,0.344821251153922,powerplay,1
M0019,1,5,Batter_010,0.538745969351046,powerplay,2
M0019,1,5,Batter_010,0.538745969351046,powerplay,2
M0019,1,5,Batter_010,0.232212189033069,powerplay,2
M0019,1,5,Batter_010,0.232212189033069,powerplay,2
M0019,1,5,Batter_010,0.232212189033069,powerplay,2
M0019,1,5,Batter_016,0.638155815496022,powerplay,1
M0019,1,6,Batter_016,0.386945937510329,middle,1
M0019,1,6,Batter_010,0.344237912967826,middle,2
M0019,1,6,Batter_016,0.191164565563095,middle,1
M0019,1,7,Batter_016,0.374149881300563,middle,1
M0019,1,7,Batter_016,0.528011088099522,middle,1
M0019,1,7,Batter_016,0.528011088099522,middle,1
M0019,1,8,Batter_016,0.166931943908669,middle,1
M0019,1,8,Batter_035,0.0730003294400059,middle,4
M0019,1,8,Batter_035,0.0730003294400059,middle,4
M0019,1,8,Batter_035,0.225083922047149,middle,4
M0019,1,8,Batter_035,0.0730003294400059,middle,4
M0019,1,9,Batter_035,0.244331480098762,middle,4
M0019,1,9,Batter_035,0.0857943821799807,middle,4
M0019,1,9,Batter_035,0.244331480098762,middle,4
M0019,1,9,Batter_035,0.0857943821799807,middle,4
M0019,1,10,Batter_035,1.01296737011316e-06,middle,4
M0019,1,10,Batter_035,1.01296737011316e-06,middle,4
M0019,1,10,Batter_035,1.01296737011316e-06,middle,4
M0019,2,0,Batter_017,0.42234939781062,powerplay,1
M0019,2,0,Batter_028,0.234972009225197,powerplay,2
M0019,2,0,Batter_017,0.42234939781062,powerplay,1
M0019,2,0,Batter_017,0.42234939781062,powerplay,1
M0019,2,0,Batter_017,0.42234939781062,powerplay,1
M0019,2,0,Batter_017,0.480542989867975,powerplay,1
M0019,2,1,Batter_017,0.159923211941769,powerplay,1
M0019,2,1,Batter_017,0.159923211941769,powerplay,1
M0019,2,1,Batter_028,0.334399067425566,powerplay,2
M0019,2,1,Batter_028,0.334399067425566,powerplay,2
M0019,2,1,Batter_017,0.159923211941769,powerplay,1
M0019,2,1,Batter_017,0.159923211941769,powerplay,1
M0019,2,2,Batter_028,0.490936630397363,powerplay,2
M0019,2,2,Batter_028,0.291289693074397,powerplay,2
M0019,2,2,Batter_028,0.291289693074397,powerplay,2
M0019,2,2,Batter_028,0.291289693074397,powerplay,2
M0019,2,2,Batter_017,0.458049760604615,powerplay,1
M0019,2,2,Batter_028,0.490936630397363,powerplay,2
M0019,2,3,Batter_017,0.345673075021879,powerplay,1
M0019,2,3,Batter_028,0.32078460770688,powerplay,2
M0019,2,3,Batter_017,0.445060344980674,powerplay,1
M0019,2,3,Batter_028,0.509724480907069,powerplay,2
M0019,2,3,Batter_028,0.32078460770688,powerplay,2
M0019,2,3,Batter_028,0.32078460770688,powerplay,2
M0019,2,4,Batter_017,0.395374139792546,powerplay,1
M0019,2,4,Batter_028,0.447951871497692,powerplay,2
M0019,2,4,Batter_028,0.447951871497692,powerplay,2
M0019,2,4,Batter_017,0.395374139792546,powerplay,1
M0019,2,4,Batter_017,0.128261682932863,powerplay,1
M0019,2,4,Batter_017,0.128261682932863,powerplay,1
M0019,2,5,Batter_028,0.714588282602758,powerplay,2
M0019,2,5,Batter_028,0.714588282602758,powerplay,2
M0019,2,5,Batter_028,0.714588282602758,powerplay,2
M0019,2,5,Batter_028,0.714588282602758,powerplay,2
M0019,2,5,Batter_028,0.484215937120215,powerplay,2
M0019,2,5,Batter_028,0.714588282602758,powerplay,2
M0019,2,6,Batter_028,0.212984163323467,middle,2
M0019,2,6,Batter_038,0.0336451066716494,middle,3
M0019,2,6,Batter_038,0.0336451066716494,middle,3
M0019,2,6,Batter_038,0.0578805359375942,middle,3
M0019,2,6,Batter_038,0.0578805359375942,middle,3
M0019,2,6,Batter_017,0.180655544149488,middle,1
M0019,2,7,Batter_038,0.445464237394883,middle,3
M0019,2,7,Batter_038,0.445464237394883,middle,3
M0019,2,7,Batter_038,0.445464237394883,middle,3
M0019,2,7,Batter_038,0.445464237394883,middle,3
M0019,2,7,Batter_038,0.476344153289922,middle,3
M0019,2,7,Batter_017,0.591375813390172,middle,1
M0019,2,8,Batter_017,0.591996871271943,middle,1
M0019,2,8,Batter_017,0.371953264755698,middle,1
M0019,2,8,Batter_038,0.487630724395873,middle,3
M0019,2,8,Batter_038,0.487630724395873,middle,3
M0019,2,8,Batter_017,0.371953264755698,middle,1
M0019,2,8,Batter_017,0.371953264755698,middle,1
M0019,2,9,Batter_038,0.0851987576158876,middle,3
M0019,2,9,Batter_038,0.0632707050049289,middle,3
M0019,2,9,Batter_038,0.0632707050049289,middle,3
M0019,2,9,Batter_004,0.00482343380276996,middle,4
M0019,2,9,Batter_004,0.00910270777123425,middle,4
M0019,2,9,Batter_017,0.478031989173772,middle,1
M0019,2,10,Batter_017,0.327303312806934,middle,1
M0020,1,0,Batter_016,1.70997946606636e-06,powerplay,1
M0020,1,0,Batter_016,1.70997946606636e-06,powerplay,1
M0020,1,0,Batter_010,0.118751385177131,powerplay,3
M0020,1,0,Batter_010,0.118751385177131,powerplay,3
M0020,1,0,Batter_035,0.115059929094488,powerplay,2
M0020,1,0,Batter_010,0.118751385177131,powerplay,3
M0020,1,1,Batter_035,0.411046638096352,powerplay,2
M0020,1,1,Batter_010,0.587940509734129,powerplay,3
M0020,1,1,Batter_010,0.684650265599153,powerplay,3
M0020,1,1,Batter_010,0.587940509734129,powerplay,3
M0020,1,1,Batter_010,0.684650265599153,powerplay,3
M0020,1,1,Batter_035,0.411046638096352,powerplay,2
M0020,1,2,Batter_010,0.123804348603781,powerplay,3
M0020,1,2,Batter_035,0.458806980740049,powerplay,2
M0020,1,2,Batter_035,0.458806980740049,powerplay,2
M0020,1,2,Batter_010,0.123804348603781,powerplay,3
M0020,1,2,Batter_010,0.58037781144012,powerplay,3
M0020,1,2,Batter_010,0.123804348603781,powerplay,3
M0020,1,3,Batter_035,0.636808069162555,powerplay,2
M0020,1,3,Batter_035,0.498459476283891,powerplay,2
M0020,1,3,Batter_010,0.513534029714827,powerplay,3
M0020,1,3,Batter_010,0.587650116809022,powerplay,3
M0020,1,3,Batter_010,0.587650116809022,powerplay,3
M0020,1,3,Batter_010,0.513534029714827,powerplay,3
M0020,1,4,Batter_035,0.693288248396948,powerplay,2
M0020,1,4,Batter_035,0.543842156094717,powerplay,2
M0020,1,4,Batter_035,0.693288248396948,powerplay,2
M0020,1,4,Batter_035,0.693288248396948,powerplay,2
M0020,1,4,Batter_035,0.543842156094717,powerplay,2
M0020,1,4,Batter_010,0.524470229834527,powerplay,3
M0020,1,5,Batter_035,0.637260719855282,powerplay,2
M0020,1,5,Batter_035,0.637260719855282,powerplay,2
M0020,1,5,Batter_010,0.39457804614448,powerplay,3
M0020,1,5,Batter_010,0.0687223871151859,powerplay,3
M0020,1,5,Batter_035,0.491795264659899,powerplay,2
M0020,1,5,Batter_035,0.637260719855282,powerplay,2
M0020,1,6,Batter_035,0.725237006264341,middle,2
M0020,1,6,Batter_035,0.491526769427495,middle,2
M0020,1,6,Batter_035,0.491526769427495,middle,2
M0020,1,6,Batter_010,0.25247758245734,middle,3
M0020,1,6,Batter_035,0.725237006264341,middle,2
M0020,1,6,Batter_035,0.491526769427495,middle,2
M0020,1,7,Batter_010,0.324081771182264,middle,3
M0020,1,7,Batter_010,0.0567703465831126,middle,3
M0020,1,7,Batter_035,0.375689665856206,middle,2
M0020,1,7,Batter_010,0.0567703465831126,middle,3
M0020,1,8,Batter_035,0.539018869922079,middle,2
M0020,1,8,Batter_035,0.539018869922079,middle,2
M0020,1,8,Batter_035,0.539018869922079,middle,2
M0020,1,9,Batter_035,0.429897558929354,middle,2
M0020,1,9,Batter_035,0.429897558929354,middle,2
M0020,1,9,Batter_035,0.429897558929354,middle,2
M0020,1,9,Batter_035,0.626331281173914,middle,2
M0020,1,10,Batter_035,0.86179511885817,middle,2
M0020,1,10,Batter_035,0.671143006022903,middle,2
M0020,2,0,Batter_006,0.921211691332891,powerplay,1
M0020,2,0,Batter_006,0.921211691332891,powerplay,1
M0020,2,1,Batter_006,0.843631678254773,powerplay,1
M0020,2,1,Batter_006,0.922180738927548,powerplay,1
M0020,2,1,Batter_006,0.843631678254773,powerplay,1
M0020,2,2,Batter_006,0.922718663442602,powerplay,1
M0020,2,2,Batter_006,0.850458645656478,powerplay,1
M0020,2,2,Batter_006,0.922718663442602,powerplay,1
M0020,2,3,Batter_006,0.856568678374387,powerplay,1
M0020,2,3,Batter_006,0.856568678374387,powerplay,1
M0020,2,3,Batter_006,0.856568678374387,powerplay,1
M0020,2,3,Batter_006,0.922833859431478,powerplay,1
M0020,2,3,Batter_006,0.856568678374387,powerplay,1
M0020,2,4,Batter_006,0.857433394824188,powerplay,1
M0020,2,4,Batter_006,0.857433394824188,powerplay,1
M0020,2,4,Batter_006,0.85831301063777,powerplay,1
M0021,1,0,Batter_015,0.00421349339838619,powerplay,1
M0021,1,0,Batter_015,0.00421349339838619,powerplay,1
M0021,1,0,Batter_048,0.088963866579205,powerplay,3
M0021,1,0,Batter_048,0.0791874870710856,powerplay,3
M0021,1,0,Batter_047,0.162920119762597,powerplay,2
M0021,1,0,Batter_047,0.162920119762597,powerplay,2
M0021,1,1,Batter_048,0.00457503131149464,powerplay,3
M0021,1,1,Batter_048,0.00457503131149464,powerplay,3
M0021,1,1,Batter_002,0.00397609904200394,powerplay,4
M0021,1,1,Batter_047,0.331318477923951,powerplay,2
M0021,1,1,Batter_047,0.156227806061038,powerplay,2
M0021,1,1,Batter_047,0.156227806061038,powerplay,2
M0021,1,2,Batter_002,0.0858407400718523,powerplay,4
M0021,1,2,Batter_002,0.0858407400718523,powerplay,4
M0021,1,2,Batter_002,0.0858407400718523,powerplay,4
M0021,1,2,Batter_002,0.0858407400718523,powerplay,4
M0021,1,2,Batter_002,0.0858407400718523,powerplay,4
M0021,1,2,Batter_002,0.530318247003111,powerplay,4
M0021,1,3,Batter_002,0.127308610682442,powerplay,4
M0021,1,3,Batter_047,0.174103862146616,powerplay,2
M0021,1,3,Batter_002,0.127308610682442,powerplay,4
M0021,1,3,Batter_047,0.174103862146616,powerplay,2
M0021,1,3,Batter_002,0.127308610682442,powerplay,4
M0021,1,3,Batter_002,0.220736670080195,powerplay,4
M0021,1,4,Batter_047,0.00171240643938086,powerplay,2
M0021,1,4,Batter_047,0.00171240643938086,powerplay,2
M0021,2,0,Batter_011,0.613789867444095,powerplay,2
M0021,2,0,Batter_011,0.485985747564742,powerplay,2
M0021,2,1,Batter_011,0.494779923744925,powerplay,2
M0021,2,1,Batter_011,0.494779923744925,powerplay,2
M0021,2,1,Batter_011,0.494779923744925,powerplay,2
M0021,2,2,Batter_011,0.503799189125861,powerplay,2
M0021,2,2,Batter_011,0.503799189125861,powerplay,2
M0021,2,2,Batter_011,0.503799189125861,powerplay,2
M0021,2,2,Batter_011,0.641871781011093,powerplay,2
M0021,2,2,Batter_011,0.503799189125861,powerplay,2
M0021,2,2,Batter_011,0.503799189125861,powerplay,2
M0021,2,3,Batter_011,0.512110962858239,powerplay,2
M0021,2,3,Batter_011,0.653414553643714,powerplay,2
M0021,2,3,Batter_011,0.512110962858239,powerplay,2
M0021,2,3,Batter_011,0.653414553643714,powerplay,2
M0021,2,3,Batter_011,0.653414553643714,powerplay,2
M0021,2,4,Batter_011,0.616162139913812,powerplay,2
M0021,2,4,Batter_011,0.536789764064516,powerplay,2
M0021,2,5,Batter_011,0.538944227415856,powerplay,2
M0021,2,5,Batter_011,0.612327213852126,powerplay,2
M0021,2,5,Batter_011,0.538944227415856,powerplay,2
M0022,1,0,Batter_047,0.0456060373338126,powerplay,1
M0022,1,0,Batter_048,0.113270763441645,powerplay,2
M0022,1,0,Batter_048,0.113270763441645,powerplay,2
M0022,1,0,Batter_047,0.0456060373338126,powerplay,1
M0022,1,0,Batter_047,0.140078320447475,powerplay,1
M0022,1,0,Batter_015,0.116592932164154,powerplay,3
M0022,1,1,Batter_048,0.129903701103307,powerplay,2
M0022,1,1,Batter_048,0.129903701103307,powerplay,2
M0022,1,1,Batter_048,0.314111021918616,powerplay,2
M0022,1,1,Batter_048,0.314111021918616,powerplay,2
M0022,1,1,Batter_048,0.129903701103307,powerplay,2
M0022,1,1,Batter_048,0.314111021918616,powerplay,2
M0022,1,2,Batter_015,0.296419992125206,powerplay,3
M0022,1,2,Batter_048,0.0543700397228182,powerplay,2
M0022,1,2,Batter_015,0.18942642140787,powerplay,3
M0022,1,2,Batter_048,0.0922875030984244,powerplay,2
M0022,1,2,Batter_048,0.0543700397228182,powerplay,2
M0022,1,2,Batter_002,0.450810314562252,powerplay,4
M0022,1,3,Batter_002,0.456531629375861,powerplay,4
M0022,1,3,Batter_002,0.456531629375861,powerplay,4
M0022,1,3,Batter_002,0.631326622640927,powerplay,4
M0022,1,3,Batter_002,0.456531629375861,powerplay,4
M0022,1,3,Batter_002,0.456531629375861,powerplay,4
M0022,1,3,Batter_015,0.186015837531206,powerplay,3
M0022,1,4,Batter_015,0.182551055806619,powerplay,3
M0022,1,4,Batter_015,0.238483987842877,powerplay,3
M0022,1,4,Batter_002,0.627120719387167,powerplay,4
M0022,1,4,Batter_002,0.627120719387167,powerplay,4
M0022,1,4,Batter_002,0.460129950917336,powerplay,4
M0022,1,4,Batter_002,0.627120719387167,powerplay,4
M0022,1,5,Batter_015,0.10380112620203,powerplay,3
M0022,1,5,Batter_015,0.268106212220923,powerplay,3
M0022,1,5,Batter_002,0.290558089202809,powerplay,4
M0022,1,5,Batter_002,0.1497418171582,powerplay,4
M0022,1,5,Batter_002,0.290558089202809,powerplay,4
M0022,1,5,Batter_015,0.10380112620203,powerplay,3
M0022,1,6,Batter_002,0.704521865650366,middle,4
M0022,1,6,Batter_002,0.587407723628147,middle,4
M0022,1,6,Batter_002,0.587407723628147,middle,4
M0022,1,6,Batter_002,0.587407723628147,middle,4
M0022,1,6,Batter_015,0.00434577198639478,middle,3
M0022,1,6,Batter_002,0.587407723628147,middle,4
M0022,1,7,Batter_015,0.0854507728323203,middle,3
M0022,1,7,Batter_015,0.0854507728323203,middle,3
M0022,1,7,Batter_002,0.319492308147778,middle,4
M0022,1,7,Batter_002,0.319492308147778,middle,4
M0022,1,7,Batter_015,0.148822841666956,middle,3
M0023,1,0,Batter_011,0.598619696474594,powerplay,1
M0023,1,0,Batter_011,0.33412582903195,powerplay,1
M0023,1,0,Batter_034,0.323816712051036,powerplay,2
M0023,1,0,Batter_034,0.323816712051036,powerplay,2
M0023,1,0,Batter_034,0.323816712051036,powerplay,2
M0023,1,0,Batter_034,0.323816712051036,powerplay,2
M0023,1,1,Batter_034,0.468137585113595,powerplay,2
M0023,1,1,Batter_034,0.468137585113595,powerplay,2
M0023,1,1,Batter_034,0.752343680624209,powerplay,2
M0023,1,1,Batter_011,0.283496317148518,powerplay,1
M0023,1,1,Batter_011,0.283496317148518,powerplay,1
M0023,1,1,Batter_011,0.283496317148518,powerplay,1
M0023,1,2,Batter_011,0.541867920601612,powerplay,1
M0023,1,2,Batter_011,0.296030661423981,powerplay,1
M0023,1,2,Batter_011,0.541867920601612,powerplay,1
M0023,1,2,Batter_011,0.296030661423981,powerplay,1
M0023,1,2,Batter_011,0.296030661423981,powerplay,1
M0023,1,2,Batter_034,0.74054257500987,powerplay,2
M0023,1,3,Batter_011,0.396116158808422,powerplay,1
M0023,1,3,Batter_011,0.396116158808422,powerplay,1
M0023,1,3,Batter_011,0.396116158808422,powerplay,1
M0023,1,3,Batter_011,0.748798195533121,powerplay,1
M0023,1,3,Batter_034,0.657279133290861,powerplay,2
M0023,1,3,Batter_011,0.396116158808422,powerplay,1
M0023,1,4,Batter_034,0.168125080829167,powerplay,2
M0023,1,4,Batter_034,0.63324245427337,powerplay,2
M0023,1,4,Batter_011,0.775467008372855,powerplay,1
M0023,1,4,Batter_011,0.414715663883255,powerplay,1
M0023,1,4,Batter_011,0.414715663883255,powerplay,1
M0023,1,4,Batter_034,0.168125080829167,powerplay,2
M0023,1,5,Batter_034,0.142874238436607,powerplay,2
M0023,1,5,Batter_034,0.142874238436607,powerplay,2
M0023,1,5,Batter_034,0.142874238436607,powerplay,2
M0023,1,5,Batter_034,0.142874238436607,powerplay,2
M0023,1,5,Batter_034,0.605632816842201,powerplay,2
M0023,1,5,Batter_011,0.79956148348425,powerplay,1
M0023,1,6,Batter_034,0.261067219055378,middle,2
M0023,1,6,Batter_034,0.549981007558952,middle,2
M0023,1,6,Batter_034,0.261067219055378,middle,2
M0023,1,6,Batter_034,0.261067219055378,middle,2
M0023,1,6,Batter_011,0.598119283493435,middle,1
M0023,1,6,Batter_034,0.549981007558952,middle,2
M0023,1,7,Batter_011,0.613160437975537,middle,1
M0023,1,7,Batter_034,0.151184066163216,middle,2
M0023,1,7,Batter_034,0.151184066163216,middle,2
M0023,1,7,Batter_034,0.329784488016893,middle,2
M0023,1,7,Batter_011,0.613160437975537,middle,1
M0023,1,7,Batter_034,0.151184066163216,middle,2
M0023,1,8,Batter_034,0.209538817303543,middle,2
M0023,1,8,Batter_034,0.209538817303543,middle,2
M0023,1,8,Batter_034,0.209538817303543,middle,2
M0023,1,8,Batter_005,0.49579040997084,middle,3
M0023,1,8,Batter_005,0.318085471898885,middle,3
M0023,1,8,Batter_011,0.51000888002925,middle,1
M0023,1,9,Batter_005,0.262739777497143,middle,3
M0023,1,9,Batter_011,0.790749610868184,middle,1
M0023,1,9,Batter_011,0.790749610868184,middle,1
M0023,1,9,Batter_005,0.262739777497143,middle,3
M0023,1,9,Batter_005,0.636903369028004,middle,3
M0023,1,9,Batter_011,0.667604108606649,middle,1
M0023,1,10,Batter_005,0.595851122097383,middle,3
M0023,1,10,Batter_011,0.773976389422637,middle,1
M0023,1,10,Batter_005,0.595851122097383,middle,3
M0023,1,10,Batter_011,0.788084784308791,middle,1
M0023,1,10,Batter_005,0.658354267847654,middle,3
M0023,1,10,Batter_011,0.773976389422637,middle,1
M0023,1,11,Batter_005,0.312753127523804,middle,3
M0023,1,11,Batter_005,0.312753127523804,middle,3
M0023,1,11,Batter_011,0.81537440220056,middle,1
M0023,1,11,Batter_005,0.312753127523804,middle,3
M0023,1,11,Batter_011,0.70899826961004,middle,1
M0023,1,11,Batter_011,0.81537440220056,middle,1
M0023,1,12,Batter_011,0.801485920463305,middle,1
M0023,1,12,Batter_011,0.801485920463305,middle,1
M0023,1,12,Batter_011,0.814613222168022,middle,1
M0023,1,12,Batter_005,0.667221411552289,middle,3
M0023,1,12,Batter_005,0.667221411552289,middle,3
M0023,1,12,Batter_005,0.632427948295502,middle,3
M0023,1,13,Batter_005,0.646817619116421,middle,3
M0023,1,13,Batter_011,0.829696335228543,middle,1
M0023,1,13,Batter_011,0.829696335228543,middle,1
M0023,1,13,Batter_011,0.804315348360806,middle,1
M0023,1,13,Batter_011,0.804315348360806,middle,1
M0023,1,13,Batter_005,0.668292162505242,middle,3
M0023,1,14,Batter_005,0.658925674628769,middle,3
M0023,1,14,Batter_011,0.804502780759394,middle,1
M0023,1,14,Batter_005,0.658925674628769,middle,3
M0023,1,14,Batter_011,0.804502780759394,middle,1
M0023,1,14,Batter_011,0.840996423465005,middle,1
M0023,1,14,Batter_005,0.667568897521126,middle,3
M0023,1,15,Batter_011,0.822773970527842,death,1
M0023,1,15,Batter_011,0.903688451280017,death,1
M0023,1,15,Batter_005,0.68551928790627,death,3
M0023,1,15,Batter_005,0.68551928790627,death,3
M0023,1,15,Batter_011,0.903688451280017,death,1
M0023,1,15,Batter_011,0.822773970527842,death,1
M0023,1,16,Batter_005,0.695895919442845,death,3
M0023,1,16,Batter_005,0.695895919442845,death,3
M0023,1,16,Batter_005,0.689151037305272,death,3
M0023,1,16,Batter_011,0.819771370188631,death,1
M0023,1,16,Batter_011,0.904856400532909,death,1
M0023,1,16,Batter_011,0.904856400532909,death,1
M0023,1,17,Batter_005,0.704344938408231,death,3
M0023,1,17,Batter_005,0.682314509221939,death,3
M0023,1,17,Batter_005,0.682314509221939,death,3
M0023,1,17,Batter_011,0.814350066008934,death,1
M0023,1,17,Batter_011,0.904000437603026,death,1
M0023,1,17,Batter_011,0.904000437603026,death,1
M0023,1,18,Batter_011,0.806548891346123,death,1
M0023,1,18,Batter_011,0.900897754850782,death,1
M0023,1,18,Batter_011,0.806548891346123,death,1
M0023,1,18,Batter_005,0.674743235744769,death,3
M0023,1,18,Batter_005,0.674743235744769,death,3
M0023,1,18,Batter_005,0.674743235744769,death,3
M0023,1,19,Batter_011,0.803285110617991,death,1
M0023,1,19,Batter_011,0.865958290613107,death,1
M0023,1,19,Batter_011,0.865958290613107,death,1
M0023,1,19,Batter_011,0.803285110617991,death,1
M0023,1,19,Batter_005,0.441403475781855,death,3
M0023,2,0,Batter_009,0.181404804464813,powerplay,1
M0023,2,0,Batter_009,0.339021044145142,powerplay,1
M0023,2,0,Batter_009,0.181404804464813,powerplay,1
M0023,2,0,Batter_009,0.181404804464813,powerplay,1
M0023,2,1,Batter_009,0.506198204312734,powerplay,1
M0023,2,1,Batter_009,0.506198204312734,powerplay,1
M0023,2,1,Batter_007,0.33094311291172,powerplay,3
M0023,2,1,Batter_007,0.33094311291172,powerplay,3
M0023,2,1,Batter_007,0.628749439732874,powerplay,3
M0023,2,2,Batter_009,0.494036805995715,powerplay,1
M0023,2,2,Batter_007,0.336024516016607,powerplay,3
M0023,2,2,Batter_007,0.336024516016607,powerplay,3
M0023,2,2,Batter_007,0.336024516016607,powerplay,3
M0023,2,2,Batter_007,0.336024516016607,powerplay,3
M0023,2,2,Batter_009,0.494036805995715,powerplay,1
M0023,2,3,Batter_009,0.494005264672468,powerplay,1
M0023,2,3,Batter_009,0.494005264672468,powerplay,1
M0023,2,3,Batter_009,0.525614022639678,powerplay,1
M0023,2,3,Batter_007,0.340555284720616,powerplay,3
M0023,2,3,Batter_007,0.639215983669784,powerplay,3
M0023,2,3,Batter_009,0.494005264672468,powerplay,1
M0023,2,4,Batter_007,0.6431524218748,powerplay,3
M0023,2,4,Batter_009,0.534446914381874,powerplay,1
M0023,2,4,Batter_009,0.534446914381874,powerplay,1
M0023,2,4,Batter_009,0.534446914381874,powerplay,1
M0023,2,4,Batter_040,0.00875442767808231,powerplay,4
M0023,2,4,Batter_040,0.00875442767808231,powerplay,4
M0023,2,5,Batter_007,0.192312039034483,powerplay,3
M0023,2,5,Batter_040,0.58915236559605,powerplay,4
M0023,2,5,Batter_007,0.322947795647937,powerplay,3
M0023,2,5,Batter_040,0.512434298248941,powerplay,4
M0023,2,5,Batter_040,0.512434298248941,powerplay,4
M0023,2,5,Batter_040,0.512434298248941,powerplay,4
M0023,2,6,Batter_040,0.447272120735251,middle,4
M0023,2,6,Batter_040,0.411150498353318,middle,4
M0023,2,6,Batter_040,0.447272120735251,middle,4
M0023,2,6,Batter_040,0.411150498353318,middle,4
M0023,2,6,Batter_040,0.411150498353318,middle,4
M0023,2,6,Batter_007,0.395600020991977,middle,3
M0023,2,7,Batter_040,0.428668585688141,middle,4
M0023,2,7,Batter_040,0.428668585688141,middle,4
M0023,2,7,Batter_007,0.306602823248461,middle,3
M0023,2,7,Batter_007,0.177887226457132,middle,3
M0023,2,7,Batter_040,0.428668585688141,middle,4
M0023,2,7,Batter_040,0.522747145562171,middle,4
M0023,2,8,Batter_007,0.454440423405818,middle,3
M0023,2,8,Batter_007,0.480745114066631,middle,3
M0023,2,8,Batter_007,0.480745114066631,middle,3
M0023,2,8,Batter_040,0.378333044025312,middle,4
M0023,2,8,Batter_007,0.454440423405818,middle,3
M0023,2,8,Batter_007,0.480745114066631,middle,3
M0023,2,9,Batter_040,0.482278783725764,middle,4
M0024,1,0,Batter_046,0.848881722552555,powerplay,1
M0024,1,0,Batter_027,0.000330618711556513,powerplay,2
M0024,1,0,Batter_027,0.000330618711556513,powerplay,2
M0024,1,0,Batter_046,0.848881722552555,powerplay,1
M0024,1,1,Batter_046,0.606514327634146,powerplay,1
M0024,1,1,Batter_046,0.347466407353004,powerplay,1
M0024,1,2,Batter_046,0.862926946158917,powerplay,1
M0024,1,2,Batter_046,0.839116709061624,powerplay,1
M0024,1,2,Batter_046,0.839116709061624,powerplay,1
M0024,1,2,Batter_046,0.839116709061624,powerplay,1
M0024,1,2,Batter_046,0.839116709061624,powerplay,1
M0024,1,2,Batter_046,0.862926946158917,powerplay,1
M0024,1,3,Batter_012,0.840922718504968,powerplay,4
M0024,1,3,Batter_012,0.642324441530514,powerplay,4
M0024,1,3,Batter_012,0.840922718504968,powerplay,4
M0024,1,3,Batter_012,0.840922718504968,powerplay,4
M0024,1,3,Batter_046,0.841833528868056,powerplay,1
M0024,1,4,Batter_046,0.546252984933762,powerplay,1
M0024,1,4,Batter_012,0.552402000459418,powerplay,4
M0024,1,4,Batter_012,0.62115971573299,powerplay,4
M0024,1,4,Batter_012,0.62115971573299,powerplay,4
M0024,1,4,Batter_012,0.552402000459418,powerplay,4
M0024,1,4,Batter_012,0.552402000459418,powerplay,4
M0024,1,5,Batter_046,0.394853814500934,powerplay,1
M0024,1,5,Batter_012,0.823539907451936,powerplay,4
M0024,1,5,Batter_046,0.394853814500934,powerplay,1
M0024,1,5,Batter_012,0.823539907451936,powerplay,4
M0024,1,5,Batter_012,0.688905249259353,powerplay,4
M0024,1,5,Batter_012,0.823539907451936,powerplay,4
M0024,1,6,Batter_046,0.739895546550118,middle,1
M0024,1,6,Batter_012,0.522015342780981,middle,4
M0024,1,6,Batter_046,0.739895546550118,middle,1
M0024,1,6,Batter_046,0.739895546550118,middle,1
M0024,1,6,Batter_046,0.68181376253339,middle,1
M0024,1,6,Batter_046,0.68181376253339,middle,1
M0024,1,7,Batter_012,0.670299657519468,middle,4
M0024,1,7,Batter_012,0.799842985641164,middle,4
M0024,1,7,Batter_012,0.670299657519468,middle,4
M0024,1,7,Batter_046,0.790176032778711,middle,1
M0024,1,7,Batter_046,0.790176032778711,middle,1
M0024,1,7,Batter_046,0.790176032778711,middle,1
M0024,1,8,Batter_012,0.693846183419514,middle,4
M0024,1,8,Batter_046,0.786546413822672,middle,1
M0024,1,8,Batter_046,0.620252085600181,middle,1
M0024,1,8,Batter_046,0.620252085600181,middle,1
M0024,1,8,Batter_012,0.693846183419514,middle,4
M0024,1,8,Batter_012,0.693846183419514,middle,4
M0024,1,9,Batter_012,0.845865512339661,middle,4
M0024,1,9,Batter_012,0.695757523787056,middle,4
M0024,1,9,Batter_012,0.695757523787056,middle,4
M0024,1,9,Batter_012,0.695757523787056,middle,4
M0024,1,9,Batter_012,0.695757523787056,middle,4
M0024,1,9,Batter_012,0.695757523787056,middle,4
M0024,1,10,Batter_046,0.696770103890393,middle,1
M0024,1,10,Batter_046,0.696770103890393,middle,1
M0024,1,10,Batter_046,0.696770103890393,middle,1
M0024,1,10,Batter_046,0.764227239878195,middle,1
M0024,1,10,Batter_046,0.696770103890393,middle,1
M0024,1,10,Batter_012,0.538915733756932,middle,4
M0024,1,11,Batter_046,0.766204103764911,middle,1
M0024,1,11,Batter_012,0.58519874071231,middle,4
M0024,1,11,Batter_012,0.58519874071231,middle,4
M0024,1,11,Batter_012,0.58519874071231,middle,4
M0024,1,11,Batter_046,0.766204103764911,middle,1
M0024,1,11,Batter_046,0.698725430198026,middle,1
M0024,1,12,Batter_012,0.695418582830143,middle,4
M0024,1,12,Batter_012,0.695418582830143,middle,4
M0024,1,12,Batter_046,0.802655458074363,middle,1
M0024,1,12,Batter_046,0.650309710588779,middle,1
M0024,1,12,Batter_012,0.85548993513504,middle,4
M0024,1,12,Batter_012,0.695418582830143,middle,4
M0024,1,13,Batter_046,0.656350466267137,middle,1
M0024,1,13,Batter_012,0.856454163158942,middle,4
M0024,1,13,Batter_012,0.69341769362932,middle,4
M0024,1,13,Batter_046,0.804824824173424,middle,1
M0024,1,13,Batter_012,0.856454163158942,middle,4
M0024,1,13,Batter_012,0.856454163158942,middle,4
M0024,1,14,Batter_046,0.661843067809347,middle,1
M0024,1,14,Batter_012,0.690494118159514,middle,4
M0024,1,14,Batter_046,0.80637258780191,middle,1
M0024,1,14,Batter_046,0.80637258780191,middle,1
M0024,1,14,Batter_012,0.690494118159514,middle,4
M0024,1,14,Batter_012,0.856199175200309,middle,4
M0024,1,15,Batter_046,0.880998375325157,death,1
M0024,1,15,Batter_012,0.798923656908146,death,4
M0024,1,15,Batter_012,0.746356323579155,death,4
M0024,1,15,Batter_046,0.880998375325157,death,1
M0024,1,15,Batter_046,0.840834728268764,death,1
M0024,1,15,Batter_046,0.880998375325157,death,1
M0024,1,16,Batter_046,0.625898287863048,death,1
M0024,1,16,Batter_046,0.625898287863048,death,1
M0024,1,16,Batter_046,0.625898287863048,death,1
M0024,1,16,Batter_046,0.625898287863048,death,1
M0024,1,16,Batter_012,0.671884795765675,death,4
M0024,2,0,Batter_038,0.0290468923464801,powerplay,1
M0024,2,0,Batter_017,0.132360628238815,powerplay,2
M0024,2,0,Batter_017,0.132360628238815,powerplay,2
M0024,2,0,Batter_017,0.132360628238815,powerplay,2
M0024,2,0,Batter_017,0.132360628238815,powerplay,2
M0024,2,0,Batter_038,0.271007389720977,powerplay,1
M0024,2,1,Batter_017,0.308536605399236,powerplay,2
M0024,2,1,Batter_038,0.226165782500185,powerplay,1
M0024,2,1,Batter_038,0.0921100465060822,powerplay,1
M0024,2,1,Batter_017,0.308536605399236,powerplay,2
M0024,2,1,Batter_017,0.271674918098389,powerplay,2
M0024,2,1,Batter_038,0.226165782500185,powerplay,1
M0024,2,2,Batter_017,0.350821401316016,powerplay,2
M0024,2,2,Batter_017,0.122814458303617,powerplay,2
M0024,2,2,Batter_038,0.0289521458934919,powerplay,1
M0024,2,2,Batter_038,0.0289521458934919,powerplay,1
M0024,2,2,Batter_038,0.0289521458934919,powerplay,1
M0024,2,2,Batter_017,0.350821401316016,powerplay,2
M0024,2,3,Batter_038,0.0329510843575472,powerplay,1
M0024,2,3,Batter_017,0.1544366690451,powerplay,2
M0024,2,3,Batter_038,0.0329510843575472,powerplay,1
M0024,2,3,Batter_038,0.0649074719235819,powerplay,1
M0024,2,3,Batter_017,0.233923799443758,powerplay,2
M0024,2,3,Batter_017,0.233923799443758,powerplay,2
M0024,2,4,Batter_038,0.0788416434928786,powerplay,1
M0024,2,4,Batter_038,0.0788416434928786,powerplay,1
M0024,2,4,Batter_017,0.23295251878809,powerplay,2
M0024,2,4,Batter_038,0.0788416434928786,powerplay,1
M0024,2,4,Batter_038,0.0788416434928786,powerplay,1
M0024,2,4,Batter_004,0.465187013222607,powerplay,3
M0024,2,5,Batter_017,0.217365853063266,powerplay,2
M0024,2,5,Batter_017,0.217932761999228,powerplay,2
M0024,2,5,Batter_004,0.205162434328357,powerplay,3
M0024,2,5,Batter_004,0.205162434328357,powerplay,3
M0024,2,5,Batter_004,0.205162434328357,powerplay,3
M0024,2,5,Batter_004,0.205162434328357,powerplay,3
M0024,2,6,Batter_004,0.480236704451356,middle,3
M0024,2,6,Batter_004,0.269956810053636,middle,3
M0024,2,6,Batter_004,0.269956810053636,middle,3
M0024,2,6,Batter_017,0.315676354538383,middle,2
M0024,2,6,Batter_017,0.305995368439236,middle,2
M0024,2,6,Batter_004,0.480236704451356,middle,3
M0024,2,7,Batter_017,0.173151016387997,middle,2
M0024,2,7,Batter_017,0.312865724973384,middle,2
M0024,2,7,Batter_017,0.173151016387997,middle,2
M0024,2,7,Batter_017,0.173151016387997,middle,2
M0024,2,7,Batter_028,0.582638083775221,middle,4
M0024,2,7,Batter_028,0.582638083775221,middle,4
M0024,2,8,Batter_004,0.107834268434052,middle,3
M0024,2,8,Batter_028,0.139650881720893,middle,4
M0024,2,8,Batter_028,0.139650881720893,middle,4
M0024,2,8,Batter_028,0.589903640514601,middle,4
M0024,2,8,Batter_028,0.139650881720893,middle,4
M0024,2,8,Batter_028,0.139650881720893,middle,4
M0024,2,9,Batter_004,0.583267494676361,middle,3
M0024,2,9,Batter_004,0.583267494676361,middle,3
M0024,2,9,Batter_004,0.221921070980685,middle,3
M0024,2,9,Batter_028,0.00645853787497075,middle,4
M0024,2,9,Batter_028,0.00645853787497075,middle,4
M0024,2,9,Batter_028,0.00645853787497075,middle,4
M0024,2,10,Batter_004,0.124129889319068,middle,3
M0024,2,10,Batter_004,0.124129889319068,middle,3
M0024,2,10,Batter_028,0.161789943549806,middle,4
M0024,2,10,Batter_028,0.161789943549806,middle,4
M0024,2,10,Batter_028,0.161789943549806,middle,4
M0024,2,10,Batter_028,0.161789943549806,middle,4
M0024,2,11,Batter_004,0.640557977283066,middle,3
M0024,2,11,Batter_004,0.252135855883527,middle,3
M0024,2,11,Batter_004,0.252135855883527,middle,3
M0024,2,11,Batter_004,0.252135855883527,middle,3
M0024,2,11,Batter_028,0.00773525960067,middle,4
M0024,2,11,Batter_028,0.00773525960067,middle,4
M0024,2,12,Batter_004,0.531273066071666,middle,3
M0024,2,12,Batter_004,0.141177248991023,middle,3
M0024,2,12,Batter_004,0.141177248991023,middle,3
M0024,2,12,Batter_028,0.183603443510425,middle,4
M0024,2,12,Batter_028,0.183603443510425,middle,4
M0024,2,12,Batter_028,0.183603443510425,middle,4
M0024,2,13,Batter_028,0.0843511085378721,middle,4
M0024,2,13,Batter_004,0.453099457824987,middle,3
M0024,2,13,Batter_004,0.453099457824987,middle,3
M0024,2,13,Batter_004,0.630261655775127,middle,3
M0024,2,13,Batter_028,0.0843511085378721,middle,4
M0024,2,13,Batter_028,0.171823648624219,middle,4
M0024,2,14,Batter_004,0.158850367509707,middle,3
M0024,2,14,Batter_004,0.158850367509707,middle,3
M0024,2,14,Batter_004,0.158850367509707,middle,3
M0024,2,14,Batter_028,0.204198816744673,middle,4
M0024,2,14,Batter_004,0.563741412693199,middle,3
M0024,2,14,Batter_004,0.563741412693199,middle,3
M0024,2,15,Batter_004,0.32440143191199,death,3
M0024,2,15,Batter_004,0.32440143191199,death,3
M0024,2,15,Batter_004,0.748638628829843,death,3
M0024,2,15,Batter_004,0.32440143191199,death,3
M0024,2,15,Batter_004,0.32440143191199,death,3
M0024,2,15,Batter_004,0.32440143191199,death,3
M0024,2,16,Batter_004,0.174498250227547,death,3
M0024,2,16,Batter_028,0.280061990118321,death,4
M0024,2,16,Batter_028,0.280061990118321,death,4
M0024,2,16,Batter_028,0.56612606015154,death,4
M0024,2,16,Batter_004,0.174498250227547,death,3
M0024,2,16,Batter_004,0.565126684043157,death,3
M0024,2,17,Batter_004,0.502915271190384,death,3
M0024,2,17,Batter_004,0.502915271190384,death,3
